text,text_clean,language,source,label,severity,label_id
@⁨Clg Ahamed Meeran Dhanish⁩ intha 9 satan ah veliya thorathuga bhaii,clg ahamed meeran dhanish intha satan ah veliya thorathuga bhaii,English,whatsapp,safe,0,0
வாழ்க்கைல எப்படி இருக்கணும்னு யாருக்குமே தெரியல😂,வாழ்க்கைல எப்படி இருக்கணும்னு யாருக்குமே தெரியல,Tamil,youtube,safe,0,0
"Athu 10 years ah inga tha irukam northeast assam kaari, avagaley tha neriya pera attract pani podanum ahm, apo tha club la irudhu kaasu varum athu ithu mu solitu irudhuchu",athu 10 years inga tha irukam northeast assam kaari avagaley tha neriya pera attract pani podanum ahm apo tha club irudhu kaasu varum athu ithu mu solitu irudhuchu,Tanglish,whatsapp,safe,0,0
2150 if one paper waved,2150 one paper waved,English,whatsapp,safe,0,0
ஆமா தல......😢,ஆமா தல......,Tamil,youtube,safe,0,0
Bro don't spread hate,bro spread hate,English,whatsapp,safe,0,0
Dont worry bro my husband 35 enaku 24 recent ah than marriage pannom.so late ah kidachalum best ah kidaikum.all the best for 90s kids,dont worry bro husband 35 enaku 24 recent ah marriage pannom late ah kidachalum best ah kidaikum best 90s kids,English,youtube,safe,0,0
Adhuvum chameleon kittalaam poi pudhusu pudhusaana color la dhaan yennoda pundaila oolu vaanganum nu vaanguriyaamey daa,adhuvum chameleon kittalaam poi pudhusu pudhusaana color dhaan yennoda pundaila oolu vaanganum vaanguriyaamey daa,Tanglish,whatsapp,safe,0,0
100% correct 👍🏻,100 correct,English,youtube,safe,0,0
4:36 2.9M likes 😑😑 I can't digest this🤐🤐🫨🫨,36 9m likes digest,English,youtube,safe,0,0
Vera level bro,vera level,Tanglish,youtube,safe,0,0
School management defenetly should take action,school management defenetly take action,English,youtube,safe,0,0
Unaku thanda vela punda ilama pesitu iruka thevadiya poi hostel la naalu peru kuda padutha kuda kaasu sambaari da,unaku thanda vela punda ilama pesitu iruka thevadiya poi hostel naalu peru kuda padutha kuda kaasu sambaari,Tanglish,whatsapp,safe,0,0
that is not rerelease,rerelease,English,whatsapp,safe,0,0
Deii AK ku director ehh illa da <This message was edited>,deii ak ku director ehh illa message edited,Tanglish,whatsapp,safe,0,0
Deiii kena pundaingala yenna da aachu,deiii kena pundaingala yenna aachu,Tanglish,whatsapp,safe,0,0
Saniyan ga school uniform potu reels panudhunga,saniyan ga school uniform potu reels panudhunga,English,youtube,safe,0,0
Today i watching,today watching,English,youtube,safe,0,0
Machi avan peru jegaynesan da,machi avan peru jegaynesan,Tanglish,whatsapp,safe,0,0
Vera level 🔥🔥🔥,vera level,Tanglish,youtube,safe,0,0
சூப்பர் வீடியோ பா நாய் காதல் செம 👌👌👌👌👌👌👌,சூப்பர் வீடியோ பா நாய் காதல் செம,Tamil,youtube,hate_speech,2,2
Avan bjp supporter da,avan bjp supporter,Tanglish,whatsapp,safe,0,0
Yedhaavudhu nalla kodiya paathu neeye thongiko onta dhaan punda Iruku,yedhaavudhu nalla kodiya paathu neeye thongiko onta dhaan punda iruku,Tanglish,whatsapp,safe,0,0
Danish don't argue with him,danish argue,English,whatsapp,safe,0,0
Happy birthday @⁨Clg RaGaVaN⁩,happy birthday clg ragavan,English,whatsapp,safe,0,0
santhosh_vijayfan2012,santhosh vijayfan2012,English,instagram,safe,0,0
Theriyum da Caller tune ketiya,theriyum caller tune ketiya,Tanglish,whatsapp,safe,0,0
Bro neenga first video poterkingla avanga I'd enna solringa,neenga first video poterkingla avanga enna solringa,Tanglish,youtube,safe,0,0
"Respect the girl who did goddess reel, 4:28",respect girl goddess reel 28,English,youtube,safe,0,0
uncontrolled laughing 😂😂😂😂😂😂😂😂😂😂😂😂😂😂 super ma,uncontrolled laughing super,English,youtube,safe,0,0
Romba oombatha da pothum poi vera pool ah kadichitu iruuuu,romba oombatha pothum poi vera pool kadichitu iruuuu,Tanglish,whatsapp,severe,3,3
"Na , thols lam varom heal panu",na thols lam varom heal panu,English,whatsapp,safe,0,0
"Thevadiya un pundai la zoom ae iruku da , un pundai la vaai vaikatha animals ae ila da thevaidya munda , high class munda nu ranking la iruka nee",thevadiya un pundai zoom ae iruku un pundai vaai vaikatha animals ae ila thevaidya munda high class munda ranking iruka nee,Tanglish,whatsapp,severe,3,3
Nee thanda thevadiya hostel la iruka thevadiya,nee thanda thevadiya hostel la iruka thevadiya,English,whatsapp,safe,0,0
Dont worry iam 37 old😂😂 eppadi pandratha veda nan single la ve erukalam bro❤❤,dont worry iam 37 old eppadi pandratha veda nan single erukalam,Tanglish,youtube,safe,0,0
Semma voice....that powder make up....echchakala dialogue....Sudhakar innocent expressions😍just love themmmm,semma voice powder make echchakala dialogue sudhakar innocent expressions love themmmm,English,youtube,safe,0,0
Next week la irunthu DSA,next week la irunthu dsa,English,whatsapp,safe,0,0
Ithu yanna customer care ra? Satisfy thara,ithu yanna customer care ra satisfy thara,English,whatsapp,safe,0,0
1:40 idhu enga school 😂😂😂😂 paiyan da,40 idhu enga school paiyan,Tanglish,youtube,safe,0,0
iruku da,iruku,Tanglish,whatsapp,safe,0,0
Vanthu en sunni ah oombu da Ooty mundaa,vanthu en sunni oombu ooty mundaa,Tanglish,whatsapp,hate_speech,2,2
Happy Birthday da @⁨Clg RaGaVaN⁩ ✨🎉,happy birthday da clg ragavan,English,whatsapp,safe,0,0
தீபா நடிப்பு சூப்பர்,தீபா நடிப்பு சூப்பர்,Tamil,youtube,safe,0,0
"இதுதான் கேஃபின் கதையின் கதைக்களம், நன்றி வணக்கம்.","இதுதான் கேஃபின் கதையின் கதைக்களம், நன்றி வணக்கம்.",Tamil,whatsapp,safe,0,0
Thrla machi en aalu epo varalo atha poruthu thaan,thrla machi en aalu epo varalo atha poruthu thaan,English,whatsapp,safe,0,0
Enna da achi unnaku,enna achi unnaku,Tanglish,whatsapp,safe,0,0
Bro im watching it on theatre,bro im watching theatre,English,whatsapp,safe,0,0
Seri ippo enna panna solra,ippo enna panna solra,Tanglish,youtube,safe,0,0
"Illusion la nee thanda iruka ? Pool ah sappu da na, sutha sapitu pee ah urinjitu iruka da thevadiya pundaaa, semi soli pee venum nu ketu en sutha sapitu irukaaa",illusion nee thanda iruka pool sappu sutha sapitu pee urinjitu iruka thevadiya pundaaa semi soli pee venum ketu en sutha sapitu irukaaa,Tanglish,whatsapp,severe,3,3
"Dei pulu munda , vaai kuthi lam kilichiruven da suni romba oombitu irkathaaaaa",pulu munda vaai kuthi lam kilichiruven suni romba oombitu irkathaaaaa,Tanglish,whatsapp,severe,3,3
Next month,next month,English,whatsapp,safe,0,0
Bro பயப்பிடாம போய் பொண்ணுங்க கிட்ட போய் பிடிச்சிருக்குனு சொல்லு bro ஓகேனா love பண்ணு bro இல்லனா வேற பொன்னுட போய் சொல்லு bro naala 8 ponna love panna bro 8 me v2ku therinchi poittu bro vittutu so athunala 9 vatha ippa oru ponna paakura bro summa side adi bro apram velila aaichittu poi enjay pannu bro ithukku poi enna ninaicha kevalama irukkunu sollura bro 😂,love naala ponna love panna v2ku therinchi poittu vittutu athunala vatha ippa oru ponna paakura summa side adi apram velila aaichittu poi enjay pannu ithukku poi enna ninaicha kevalama irukkunu sollura,Tanglish,youtube,safe,0,0
Enna da athula mistake,enna athula mistake,Tanglish,whatsapp,hate_speech,2,2
Enga aaley campa kudi themba iru nu solitu irukan nee vera,enga aaley campa kudi themba iru solitu irukan nee vera,Tanglish,whatsapp,safe,0,0
Who else want Gopi and Sudhakar to be the next pair like Goundamani Senthil in Tamizh Cinema !!!!!,else want gopi sudhakar next pair like goundamani senthil tamizh cinema,English,youtube,safe,0,0
"Opening title super pa😂😂😂, Teachers la romba pavam😢😮 Parents solla varthai illai😢 Future kothanar, sithal guarantee😅",opening title super teachers romba pavam parents solla varthai illai future kothanar sithal guarantee,Tanglish,youtube,safe,0,0
Rasmidha S what's ah brillance,rasmidha ah brillance,English,youtube,safe,0,0
2girls 1 cup maojjj ae fanatsyy tha,2girls cup maojjj ae fanatsyy tha,English,whatsapp,safe,0,0
En da moan pandra nalla pesu da lavade,en moan pandra nalla pesu lavade,Tanglish,whatsapp,safe,0,0
Avan pool ah pudichi,avan pool ah pudichi,English,whatsapp,safe,0,0
Bro link ketanga bro,link ketanga,Tanglish,whatsapp,safe,0,0
Aprom enna pundaiku da enga varinga,aprom enna pundaiku enga varinga,Tanglish,whatsapp,safe,0,0
Neega solrathu tha,neega solrathu tha,English,whatsapp,safe,0,0
Enda samanthamae illama enna adikuringa ?,enda samanthamae illama enna adikuringa,Tanglish,whatsapp,safe,0,0
5:41...enna 7 uyir 7 mayir uh😂😂😂🤣🤣🤣vera level comedy.... ultimate,41 enna uyir mayir uh vera level comedy ultimate,Tanglish,youtube,safe,0,0
#chocolateday வாச்சேனு சாக்லேட் ஒண்ணு வாங்கி கைல குடுத்தா... இன்னொரு சாக்லேட் தாங்க எம்பையனுக்குனு கேட்டு வாங்கிட்டு போறா தம்பி...,#chocolateday வாச்சேனு சாக்லேட் ஒண்ணு வாங்கி கைல குடுத்தா... இன்னொரு சாக்லேட் தாங்க எம்பையனுக்குனு கேட்டு வாங்கிட்டு போறா தம்பி...,Tamil,telegram,safe,0,0
8:12 kindly tell their id bro,12 kindly tell id bro,English,youtube,safe,0,0
உனக்கு நீ தான் எல்லாம் தேடி தரேன் உனக்கு நீதாண்டா தேடி😂😊,உனக்கு நீ தான் எல்லாம் தேடி தரேன் உனக்கு நீதாண்டா தேடி,Tamil,youtube,safe,0,0
கிடைக்கும் ப்ரோ கவலைப்படாதீர்கள்😢,கிடைக்கும் ப்ரோ கவலைப்படாதீர்கள்,Tamil,youtube,safe,0,0
2024 la யாரெல்லாம் பாக்குறீங்க,2024 la யாரெல்லாம் பாக்குறீங்க,Tamil,youtube,safe,0,0
Enkku 36 age aachu. Single very sad - Franklin old town Vellore,enkku 36 age aachu single sad franklin old town vellore,English,youtube,mild_toxic,1,1
February 10,february 10,English,instagram,safe,0,0
சிங்களன் சொல்ல ஈசியா இருக்கு ஆனா மனசுக்குள்ள கஷ்டமா இருக்கு,சிங்களன் சொல்ல ஈசியா இருக்கு ஆனா மனசுக்குள்ள கஷ்டமா இருக்கு,Tamil,youtube,safe,0,0
How is tvk going to bring development atha pathi engayume peslaye nothing about foreign investments and industry subsidies,tvk going bring development atha pathi engayume peslaye nothing foreign investments industry subsidies,English,whatsapp,safe,0,0
Ne crcta na data tha na onside nikuraen <This message was edited>,ne crcta na data tha na onside nikuraen message edited,English,whatsapp,safe,0,0
Enga da karthi kuda paduka potiya,enga karthi kuda paduka potiya,Tanglish,whatsapp,safe,0,0
Illusion create aaga arambichuduchu again😂,illusion create aaga arambichuduchu,English,whatsapp,safe,0,0
"பெண்கள் ஓர் புரியாத புதிர்தான் அவர்கள் உள்ளத்தில் ஆயிரம் ரகசியங்கள் புதைந்துக் கிடக்கும் பொய்யல்ல மெய்யே பெண்கள் வெட்கத்தில் ""நாணம்"" கொண்டு தலை குனிவார்கள் துன்பம் வரும்போது ""நாணலைப்"" போல் வளைந்து நிமிர்ந்து நிற்பார்கள் வாழ்வின் பொறுமைக்கும் பெருமைக்கும் பெண்களே...!! பெண்களே நாட்டின் கண்கள் பெண்கள் வானம்பாடிப் போல் பறந்து செல்ல வாழ்த்துவோம்...!! அழுத குழந்தைக்கு அன்னை உமையாள் ஞானப் பால் ஊட்டினாள் அன்னை கலைவாணியோ கையில் வீணையுடன் தமிழ் பால் ஊட்டினாள் அன்னை பராசக்தியோ அநீதியென்றால் அஞ்சாமல் கையில் சூலாயுதமெடுத்து போரிடு என்றாள் பெண்ணே தெய்வமென்று முன்னோர்கள் சொன்னது முற்றிலும் உண்மையே.. பெண்களை போற்றி மகிழ்வோம் பெண்கள் அனைவருக்கும் மகளிர் தின நல்வாழ்த்துக்கள்...!!!","பெண்கள் ஓர் புரியாத புதிர்தான் அவர்கள் உள்ளத்தில் ஆயிரம் ரகசியங்கள் புதைந்துக் கிடக்கும் பொய்யல்ல மெய்யே பெண்கள் வெட்கத்தில் ""நாணம்"" கொண்டு தலை குனிவார்கள் துன்பம் வரும்போது ""நாணலைப்"" போல் வளைந்து நிமிர்ந்து நிற்பார்கள் வாழ்வின் பொறுமைக்கும் பெருமைக்கும் பெண்களே...!! பெண்களே நாட்டின் கண்கள் பெண்கள் வானம்பாடிப் போல் பறந்து செல்ல வாழ்த்துவோம்...!! அழுத குழந்தைக்கு அன்னை உமையாள் ஞானப் பால் ஊட்டினாள் அன்னை கலைவாணியோ கையில் வீணையுடன் தமிழ் பால் ஊட்டினாள் அன்னை பராசக்தியோ அநீதியென்றால் அஞ்சாமல் கையில் சூலாயுதமெடுத்து போரிடு என்றாள் பெண்ணே தெய்வமென்று முன்னோர்கள் சொன்னது முற்றிலும் உண்மையே.. பெண்களை போற்றி மகிழ்வோம் பெண்கள் அனைவருக்கும் மகளிர் தின நல்வாழ்த்துக்கள்...!!!",Tamil,telegram,safe,0,0
"Anney power use panitaru da thols , athu tha… inimey annan tha pooley",anney power use panitaru da thols athu tha inimey annan tha pooley,English,whatsapp,safe,0,0
Ama da unga annan tha enga thala Suni ah oombuna video tha,ama unga annan tha enga thala suni oombuna video tha,Tanglish,whatsapp,safe,0,0
Sad to hear,sad hear,English,whatsapp,mild_toxic,1,1
Intern nama than panurom aprm iitm boys,intern nama panurom aprm iitm boys,English,whatsapp,safe,0,0
Enna da ithu 😂,enna ithu,Tanglish,whatsapp,safe,0,0
Straight from the source🥀,straight source,English,whatsapp,safe,0,0
Vettri ❌ தோல்வி ✅,Vettri தோல்வி,Tamil,whatsapp,safe,0,0
Means what,means,English,youtube,safe,0,0
இப்பலா இந்த மாதிரி சின்ன பிள்ளைங்கள பார்த்தாலே பயமா இருக்கு,இப்பலா இந்த மாதிரி சின்ன பிள்ளைங்கள பார்த்தாலே பயமா இருக்கு,Tamil,youtube,safe,0,0
It is promised to us in 3000 years✡️,promised us 3000 years,English,whatsapp,safe,0,0
அஜித் சொன்னா கேட்டுப்போம். ஆனா கண்ட நாய்க்கு எல்லாம் ஓட்டு மட்டும் போட மாட்டோம்,அஜித் சொன்னா கேட்டுப்போம். ஆனா கண்ட நாய்க்கு எல்லாம் ஓட்டு மட்டும் போட மாட்டோம்,Tamil,instagram,safe,0,0
Janayagan cd enga mapla ?,janayagan cd enga mapla,Tanglish,whatsapp,safe,0,0
Ivanga ipadi panratha thappu than but Nan onnu kekuren ippo kothanar sitthal la irukaravanga first ipadithan panitu thiranjakala athu mattum illa paduchutu velaiye kedaika matinguthu ippo kathanar sitthal nalla than sambathikuranga apran veetla pathu kalyanam Pani vacha ethanaiyo husband olunga velaiku pogama kudchutu thiriyiranunga apdi patta vangala kalyanam pana pombalaingala intha Vella pakuranga summa pesanum nu pesakoodathu😡,ivanga ipadi panratha thappu nan onnu kekuren ippo kothanar sitthal irukaravanga first ipadithan panitu thiranjakala athu mattum illa paduchutu velaiye kedaika matinguthu ippo kathanar sitthal nalla sambathikuranga apran veetla pathu kalyanam pani vacha ethanaiyo husband olunga velaiku pogama kudchutu thiriyiranunga apdi patta vangala kalyanam pana pombalaingala intha vella pakuranga summa pesanum pesakoodathu,Tanglish,youtube,safe,0,0
என்னடா முடி இது 😂😂😂😂😂,என்னடா முடி இது,Tamil,youtube,safe,0,0
Saturday Leave and Sunday Leave da,saturday leave sunday leave da,English,whatsapp,safe,0,0
Juspay drive,juspay drive,English,whatsapp,safe,0,0
Dei bike la follow pani item venuma sir nu kekuraga da,bike follow pani item venuma sir kekuraga,Tanglish,whatsapp,safe,0,0
Seri piracy vendam,piracy vendam,Tanglish,whatsapp,safe,0,0
Watching 2025 😂,watching 2025,English,youtube,safe,0,0
Pen moment yenaku nadanthiruku 😂😂😂vera level,pen moment yenaku nadanthiruku vera level,Tanglish,youtube,safe,0,0
View all 2 replies,view replies,English,instagram,safe,0,0
அஜித்துக்கு ஒண்ணுனா அஜித்தையே போடுவோம் 😂🔥,அஜித்துக்கு ஒண்ணுனா அஜித்தையே போடுவோம்,Tamil,instagram,safe,0,0
It's 2022,2022,English,youtube,safe,0,0
Dei 60km ah 3hrs ooturaga da inga,60km 3hrs ooturaga inga,Tanglish,whatsapp,safe,0,0
Gopi 's acting vera level..,gopi acting vera level,Tanglish,youtube,safe,0,0
என் வாழ்க்கையில் நடந்தது போலவே இருக்கு 😂😁😁😂😂,என் வாழ்க்கையில் நடந்தது போலவே இருக்கு,Tamil,youtube,safe,0,0
Athu Coimbatore ksr version,athu coimbatore ksr version,English,whatsapp,safe,0,0
Dosa with sambar and boiled egg machi vaa sapduvom,dosa sambar boiled egg machi vaa sapduvom,English,whatsapp,safe,0,0
Dei na goa la thani ae kudikama thanni matum thanda potutu iruken,goa thani ae kudikama thanni matum thanda potutu iruken,Tanglish,whatsapp,safe,0,0
It's my opinion,opinion,English,whatsapp,safe,0,0
2023 who?,2023,English,youtube,safe,0,0
Me from Malaysia,malaysia,English,youtube,safe,0,0
Dei pulu kita ole vaaagitu ena da siripu da thevaidya ?,pulu kita ole vaaagitu ena siripu thevaidya,Tanglish,whatsapp,safe,0,0
2:39 Inniku ongaluku onnu tharaporen! Athu enna?.... ( WoW Semma performance ) :),39 inniku ongaluku onnu tharaporen athu enna wow semma performance,English,youtube,safe,0,0
0:28...Perfect words😂💯,28 perfect words,English,youtube,safe,0,0
Yaar patha onnaku enna,patha onnaku enna,Tanglish,youtube,safe,0,0
Ipolam periya pasangala Vida chinna pasangala patha than payama iruku😮 I am a new mother enaku girl baby 😢avala epadi intha societyla pathukapa valaka poranu rompa payama iruku 😢,ipolam periya pasangala vida chinna pasangala patha payama iruku new mother enaku girl baby avala epadi intha societyla pathukapa valaka poranu rompa payama iruku,Tanglish,youtube,safe,0,0
"Pesama Inga AIDS eduthathuku vera clg IT,CSE eduthurukalam",pesama inga aids eduthathuku vera clg cse eduthurukalam,Tanglish,whatsapp,safe,0,0
vinthu thavariya tharunam😂😂😂,vinthu thavariya tharunam,English,youtube,safe,0,0
ஒத்த ரோசாக்களா ( பிள்ளைகளைப் பெற்றதாய் தந்தையர்கள்) புள்ளைங்க ரொம்ப அற்புதமா வளத்து இருக்கீங்க😂😂😂😂😂😂😂😂😂😂😂,ஒத்த ரோசாக்களா ( பிள்ளைகளைப் பெற்றதாய் தந்தையர்கள்) புள்ளைங்க ரொம்ப அற்புதமா வளத்து இருக்கீங்க,Tamil,youtube,safe,0,0
Naa kuda think panna .... Future laa road cleaning ku la yaarum vara maatnaga atha work la yaaru panna poranu.. ana idha video va patha future la mokkavasi tharkuringa ella atha work ku tha prepare aguranga nuu😂😂😂😂😂,naa kuda think panna future laa road cleaning ku yaarum vara maatnaga atha work yaaru panna poranu ana idha video patha future mokkavasi tharkuringa ella atha work ku tha prepare aguranga nuu,Tanglish,youtube,safe,0,0
Machi ellam mark evlo da,machi ellam mark evlo,Tanglish,whatsapp,safe,0,0
Othaa paithyam pudichirchaa,othaa paithyam pudichirchaa,English,whatsapp,safe,0,0
0:24 intha ponnu en kuuda padicha ponutha... 10th fail aaitu pass pani vanthu theripium fail aaga poora🤦🏻‍♀️🤦🏻‍♀️🤦🏻‍♀️🤦🏻‍♀️... School ah avaluku tc kuduthum ava vaalu aranthu poogala Yen class la avala sori muunji nu kuupuvaanga... But ithu maari illa neengala nalla padikanum..👍🏻,24 intha ponnu en kuuda padicha ponutha 10th fail aaitu pass pani vanthu theripium fail aaga poora school avaluku tc kuduthum ava vaalu aranthu poogala yen class avala sori muunji kuupuvaanga ithu maari illa neengala nalla padikanum,Tanglish,youtube,safe,0,0
நீங்க நல்லா தீவிரவாதி மாதிரி சுட வேணும்,நீங்க நல்லா தீவிரவாதி மாதிரி சுட வேணும்,Tamil,youtube,safe,0,0
Machi advance thara sollu,machi advance thara sollu,English,whatsapp,safe,0,0
result published nu mail vanthucha,result published nu mail vanthucha,English,whatsapp,safe,0,0
Dei yanna da ithu😀,yanna ithu,Tanglish,whatsapp,safe,0,0
Happy Birthday da 🫂@⁨Clg RaGaVaN⁩,happy birthday da clg ragavan,English,whatsapp,safe,0,0
Dei leak pannadhe avanunga thaan da,leak pannadhe avanunga thaan,Tanglish,whatsapp,safe,0,0
Nee dhan asal thevidiyaaa kanadi irundha eduthu paaru nala theriyum,nee dhan asal thevidiyaaa kanadi irundha eduthu paaru nala theriyum,Tanglish,whatsapp,safe,0,0
Sorry machi,sorry machi,English,whatsapp,safe,0,0
Thevadiya jagan da avan,thevadiya jagan avan,Tanglish,whatsapp,safe,0,0
"Cameo,climax,intro, Thalapathy kacheri song uh",cameo climax intro thalapathy kacheri song uh,English,whatsapp,safe,0,0
Enga side iruku nan biased ah sollirkalam,enga side iruku nan biased sollirkalam,Tanglish,whatsapp,safe,0,0
Machi epdi iruku,machi epdi iruku,Tanglish,whatsapp,safe,0,0
கடைசி விவசாயி ❤️,கடைசி விவசாயி,Tamil,instagram,safe,0,0
நானும் அப்படித்தான் 33 வயசு கல்யாணம் இல்ல காதல் இல்லை குடி பழக்கம் இல்லை சிகிரெட் பழக்கம் இல்லை டீ காபி கூட குடிக்க மாட்டேன் இன்னும் பொன்னு அமையல என்னத சொல்றது,நானும் அப்படித்தான் 33 வயசு கல்யாணம் இல்ல காதல் இல்லை குடி பழக்கம் இல்லை சிகிரெட் பழக்கம் இல்லை டீ காபி கூட குடிக்க மாட்டேன் இன்னும் பொன்னு அமையல என்னத சொல்றது,Tamil,youtube,safe,0,0
Ena da mapla depression ah,ena mapla depression,Tanglish,whatsapp,safe,0,0
Ama da ana avan kaeturukan,ama ana avan kaeturukan,Tanglish,whatsapp,safe,0,0
Ena da ivana vechitu elavu pundaiya iruku,ena ivana vechitu elavu pundaiya iruku,Tanglish,whatsapp,safe,0,0
அனைவரையும் POCSO சட்டத்தின் கீழ் வழக்கு பதிவு செய்து சிறையில் அடைக்க வேண்டும்,அனைவரையும் POCSO சட்டத்தின் கீழ் வழக்கு பதிவு செய்து சிறையில் அடைக்க வேண்டும்,Tamil,youtube,safe,0,0
"மார்கழி மாதத்தில் தினமும் இரவில் தெரு நாய்களுக்கு விளக்கு பிடிக்கிறார், ஒரு நாயைப் பிடித்தார்.","மார்கழி மாதத்தில் தினமும் இரவில் தெரு நாய்களுக்கு விளக்கு பிடிக்கிறார், ஒரு நாயைப் பிடித்தார்.",Tamil,whatsapp,safe,0,0
Bro iam today watching👀,bro iam today watching,English,youtube,safe,0,0
"🙏நோன்பிருந்து இறைவனை வேண்டி... 🙏இல்லாதவர்களுக்கு வாரி வழங்கி..... 🥰உறவுகளுடனும், நட்புக்களுடனும் அன்பை பரிமாறி...🙏🙏 இறைவனை தொழும் நம் நண்பர்களுக்கு....💞 இனிய ரம்ஜான் பெருநாள் வாழ்த்துக்கள்.🌛🌝🙏🙏","நோன்பிருந்து இறைவனை வேண்டி... இல்லாதவர்களுக்கு வாரி வழங்கி..... உறவுகளுடனும், நட்புக்களுடனும் அன்பை பரிமாறி... இறைவனை தொழும் நம் நண்பர்களுக்கு.... இனிய ரம்ஜான் பெருநாள் வாழ்த்துக்கள்.",Tamil,telegram,safe,0,0
@ManiMani-har അയ്യോ എന്റെ ഗുരുവായൂരപ്പാ!,@ManiMani-har അയ്യോ എന്റെ ഗുരുവായൂരപ്പാ!,Malayalam,youtube,safe,0,0
என் உயிர் தலைவன் அந்நியன் சியான் விக்ரம்😂 டயலாக் வேற லெவல்,என் உயிர் தலைவன் அந்நியன் சியான் விக்ரம் டயலாக் வேற லெவல்,Tamil,youtube,safe,0,0
"Un pundaiya paaru da ole vaagi vaagi , ketu poiruchu vera pundaiya paaru. Una oothu oothu aii pora pipeline lam un punda la connect aagi athu la aii varuthu nu customer solraga",un pundaiya paaru ole vaagi vaagi ketu poiruchu vera pundaiya paaru una oothu oothu aii pora pipeline lam un punda connect aagi athu aii varuthu customer solraga,Tanglish,whatsapp,safe,0,0
Both side um opinion kaekanum da nithish,side um opinion kaekanum da nithish,English,whatsapp,safe,0,0
I was expecting a muttu,expecting muttu,English,whatsapp,safe,0,0
Area la neriya potta naai ku periods irukam.. jeffin vaai tha athuku lam stayfree whisper ahm 🤣.. poi nala uri da munda <This message was edited>,area neriya potta naai ku periods irukam jeffin vaai tha athuku lam stayfree whisper ahm poi nala uri munda message edited,Tanglish,whatsapp,severe,3,3
"ஒன்னுமில்லாமே, எதுவும் செய்யாமே இருக்கிறது க்கு 🤧 இதுக பன்றது எவ்வளவோ தேவைல","ஒன்னுமில்லாமே, எதுவும் செய்யாமே இருக்கிறது க்கு இதுக பன்றது எவ்வளவோ தேவைல",Tamil,youtube,safe,0,0
யாரெல்லாம் 2023 பார்க்கிறோம்,யாரெல்லாம் 2023 பார்க்கிறோம்,Tamil,youtube,safe,0,0
B illana B + varum da <This message was edited>,illana varum da message edited,English,whatsapp,safe,0,0
3:37 +2mark instead -2mark true fact bro,37 2mark instead 2mark true fact bro,English,youtube,safe,0,0
Joke of this year 👍,joke year,English,whatsapp,safe,0,0
Thanks guys🙏,thanks guys,English,whatsapp,safe,0,0
Caption: Girls only know why they avoid auto rides,caption girls know avoid auto rides,English,whatsapp,safe,0,0
Dei thambi,dei thambi,English,whatsapp,safe,0,0
"ஜெஃபின் ஆணல்ல, பெண்ணாகவும் திருநங்கையாகவும் கருதப்படுகிறார். அவன் பகுதி நேரமாக ஆணின் ஆண்குறியை உறிஞ்சுவதும், இரவில் விபச்சாரியாகத் தனது தொழிலைச் செய்வதும் ஆகும்.","ஜெஃபின் ஆணல்ல, பெண்ணாகவும் திருநங்கையாகவும் கருதப்படுகிறார். அவன் பகுதி நேரமாக ஆணின் ஆண்குறியை உறிஞ்சுவதும், இரவில் விபச்சாரியாகத் தனது தொழிலைச் செய்வதும் ஆகும்.",Tamil,whatsapp,safe,0,0
Not Better Parithabangal Than Engineering Parithabangal Till Now.......😍😍😍😍,better parithabangal engineering parithabangal till,English,youtube,safe,0,0
Ama da mapla,ama mapla,Tanglish,whatsapp,safe,0,0
3:11 Vera level 😂😂🔥🔥,11 vera level,Tanglish,youtube,safe,0,0
"மூவர்ன கொடியை கையில் ஏந்தி கொண்டாடும் என் மகனே... துகிலுரிந்து அம்மனமாய் தொருவில் கிடக்கும் உன் பாரத தாயின் மானம் காக்க அக்கொடியை சற்று கொடு, என் அம்மன உடம்பை மறைத்துக்கொள்ள... 😢 மூவர்ணத்தை முகத்தில் பூசிக்கொண்டு முகநூலில் தேசபற்றை பறைசாற்றும் சகோதரா... பூசிய வண்ணத்தில் மிச்சத்தையாவது கொடு.. என் அம்மன உடம்பை வர்ணம் பூசி மறைத்துக்கொள்கிறேன். 😢 உங்கள் படோடோபமான சுதந்திர ஊர்வலத்தின் ஒரு ஓரத்தில் ஆடையின்றி அம்மனமாய் அநாதையாக நிற்க்கும் என்னை கண்டுகொண்டால் நீயே இந்த பாரதமாதாவின் தவப்புதல்வன். #காசுப்பூர்(மணிப்பூர்)","மூவர்ன கொடியை கையில் ஏந்தி கொண்டாடும் என் மகனே... துகிலுரிந்து அம்மனமாய் தொருவில் கிடக்கும் உன் பாரத தாயின் மானம் காக்க அக்கொடியை சற்று கொடு, என் அம்மன உடம்பை மறைத்துக்கொள்ள... மூவர்ணத்தை முகத்தில் பூசிக்கொண்டு முகநூலில் தேசபற்றை பறைசாற்றும் சகோதரா... பூசிய வண்ணத்தில் மிச்சத்தையாவது கொடு.. என் அம்மன உடம்பை வர்ணம் பூசி மறைத்துக்கொள்கிறேன். உங்கள் படோடோபமான சுதந்திர ஊர்வலத்தின் ஒரு ஓரத்தில் ஆடையின்றி அம்மனமாய் அநாதையாக நிற்க்கும் என்னை கண்டுகொண்டால் நீயே இந்த பாரதமாதாவின் தவப்புதல்வன். #காசுப்பூர்(மணிப்பூர்)",Tamil,telegram,safe,0,0
Unna alaporathu vijay tha,unna alaporathu vijay tha,English,whatsapp,safe,0,0
Dei avaney ena maari msg panitu irukan da,avaney ena maari msg panitu irukan,Tanglish,whatsapp,safe,0,0
Ena da enenamo Iruku 😂,ena enenamo iruku,Tanglish,whatsapp,safe,0,0
Konjam uniform kalatitu vera dress la pannuga pa government scl pera kedukathinga da 😮,konjam uniform kalatitu vera dress pannuga government scl pera kedukathinga,Tanglish,youtube,safe,0,0
6:03 😂😂 குச்சிய நீற்ற கு கு கு கு........!!!!,6:03 குச்சிய நீற்ற கு கு கு கு........!!!!,Tamil,youtube,safe,0,0
தரமான வீடியோ வேற லெவல் சூப்பர் எடிட்டிங் பக்கா சிரிப்பு அடக்க முடியால,தரமான வீடியோ வேற லெவல் சூப்பர் எடிட்டிங் பக்கா சிரிப்பு அடக்க முடியால,Tamil,youtube,safe,0,0
ஐயோ கலக்குறீங்களே 😍,ஐயோ கலக்குறீங்களே,Tamil,youtube,safe,0,0
Caste ta appo madhurai yaaru covaiku yaaru irukka ethula,caste ta appo madhurai yaaru covaiku yaaru irukka ethula,Tanglish,whatsapp,safe,0,0
Machi padame 7 gb pudichiruchu da storage illayam <This message was edited>,machi padame gb pudichiruchu da storage illayam message edited,English,whatsapp,safe,0,0
Thevidiya clg da ithu,thevidiya clg da ithu,English,whatsapp,safe,0,0
@⁨Nithish Ksr⁩,nithish ksr,English,whatsapp,safe,0,0
Nee ole vaangi kuda pass airuva da cuz nee top class munda da,nee ole vaangi kuda pass airuva cuz nee top class munda,Tanglish,whatsapp,severe,3,3
Caste vote ah vidunga da tvk voda first objective eh fans vote thaan da,caste vote vidunga tvk voda first objective fans vote thaan,Tanglish,whatsapp,safe,0,0
Name remove pandrathu pathi,name remove pandrathu pathi,English,whatsapp,safe,0,0
Ama da anna gangbang,ama gangbang,Tanglish,whatsapp,safe,0,0
Can't control My laughing...hats off u both,control laughing hats,English,youtube,safe,0,0
Aprm ?,aprm,English,whatsapp,safe,0,0
Naan 2022-ல இருந்து வரன் comment பண்ணுன இந்த 2021 நாய் செத்துப்போயிருச்சு 🥳😂,Naan 2022-ல இருந்து வரன் comment பண்ணுன இந்த 2021 நாய் செத்துப்போயிருச்சு,Tamil,youtube,hate_speech,2,2
Oh shit I am watching on Dec 2024,oh shit watching dec 2024,English,youtube,safe,0,0
மறக்கவும் மாட்டோம் மன்னிக்கவும் மாட்டோம்,மறக்கவும் மாட்டோம் மன்னிக்கவும் மாட்டோம்,Tamil,instagram,safe,0,0
"Sootha adika kooptanga, avinga sootha adichu amchuvitten <This message was edited>",sootha adika kooptanga avinga sootha adichu amchuvitten message edited,English,whatsapp,safe,0,0
"ஜெஃபின் ஓரினச்சேர்க்கையாளன்"" என்பதை தமிழில் ""ஜெஃபின் ஒரு பால் ஈர்ப்பாளர்"" அல்லது ""ஜெஃபினுக்கு ஆண்களின் மீது ஈர்ப்பு உண்டு"" என்று சொல்லலாம்.","ஜெஃபின் ஓரினச்சேர்க்கையாளன்"" என்பதை தமிழில் ""ஜெஃபின் ஒரு பால் ஈர்ப்பாளர்"" அல்லது ""ஜெஃபினுக்கு ஆண்களின் மீது ஈர்ப்பு உண்டு"" என்று சொல்லலாம்.",Tamil,whatsapp,safe,0,0
Apo school poradhu reels podadhan😂 Naamalam interval sapada early morning friends oh da onna sapudave povomeda😂,apo school poradhu reels podadhan naamalam interval sapada early morning friends oh da onna sapudave povomeda,English,youtube,safe,0,0
பெத்தவங்க படிக்கிறதுக்கு போன் வாங்கி குடுத்தா இந்த வேலை தேவையா.,பெத்தவங்க படிக்கிறதுக்கு போன் வாங்கி குடுத்தா இந்த வேலை தேவையா.,Tamil,youtube,safe,0,0
Vibuthi adichathe avvan than dawww 😞,vibuthi adichathe avvan dawww,English,instagram,safe,0,0
Anytime u watch 100% laughter guarantee,anytime watch 100 laughter guarantee,English,youtube,safe,0,0
Athu nalla padam da😂,athu nalla padam,Tanglish,whatsapp,safe,0,0
Is true bro nice my favourite shows,true bro nice favourite shows,English,youtube,safe,0,0
Iruku da en junni,iruku en junni,Tanglish,whatsapp,safe,0,0
1st half slow ah pogum,1st half slow ah pogum,English,whatsapp,safe,0,0
"தோல்ஸ் அனைவருடனும் உடலுறவு கொள்ளும் ஒரு பையன், அவர் விலங்குகளுடன் கூட உடலுறவு கொள்கிறார், மேலும் அவர் குதிரை ஆண்குறியை உறிஞ்சுகிறார் <This message was edited>","தோல்ஸ் அனைவருடனும் உடலுறவு கொள்ளும் ஒரு பையன், அவர் விலங்குகளுடன் கூட உடலுறவு கொள்கிறார், மேலும் அவர் குதிரை ஆண்குறியை உறிஞ்சுகிறார் <This message was edited>",Tamil,whatsapp,safe,0,0
Na oomba maaten da una maari thevadiya tha vanthu oombu,oomba maaten una maari thevadiya tha vanthu oombu,Tanglish,whatsapp,safe,0,0
கமெண்ட் பார்த்தால் சிரிப்பா இருக்குடா 😂😂😂,கமெண்ட் பார்த்தால் சிரிப்பா இருக்குடா,Tamil,instagram,safe,0,0
Justin Ronaldo correctly said,justin ronaldo correctly said,English,youtube,safe,0,0
Po po better luck next time 😜😜😁,po po better luck next time,English,whatsapp,safe,0,0
Jodi illama opening la irundha ponnu en ku dhaa padikkura name Jenifer Yen bro troll pannala romba varuthama irukku😂,jodi illama opening irundha ponnu en ku dhaa padikkura name jenifer yen troll pannala romba varuthama irukku,Tanglish,youtube,safe,0,0
Thursday,thursday,English,whatsapp,safe,0,0
It's 2019 October still I'm watching,2019 october still watching,English,youtube,safe,0,0
achuthan_pictography,achuthan pictography,English,instagram,safe,0,0
​ @AruljothiSanthosam super bro,aruljothisanthosam super bro,English,youtube,safe,0,0
Watching from 2060 bro 🥸🔥🤣🤣🤣🤣😂,watching 2060 bro,English,youtube,safe,0,0
Respect all the hardworkers every scene is a dream why bro🙏,respect hardworkers every scene dream,Tanglish,whatsapp,safe,0,0
"Epo da normal human being ah vaala pora, thevadiya maariye irukatha da",epo normal human vaala pora thevadiya maariye irukatha,Tanglish,whatsapp,safe,0,0
the_nerd_man_,nerd man,English,instagram,safe,0,0
Illa nethu konjam pathen,illa nethu konjam pathen,Tanglish,whatsapp,safe,0,0
tvk tha,tvk tha,English,whatsapp,safe,0,0
"தோனி - அவனை அறிந்தவன்! ஒருவனின் பலமே தனது பலத்தை காட்டிலும் பலவீனத்தை முழுமையாக அவன் அறிந்து வைத்துக் கொள்வது தான், ஆம் தன் பலஹீனம் என்னவென்று தோனிக்கு நன்றாகவே தெரிந்திருக்கிறது 2023 ஐபில் சீசனில் மொத்தம் 16 போட்டிகளில் சென்னை அணி விளையாடியிருக்கிறது, ஒவ்வொரு போட்டியிலும் மைதானத்தில் கூடி இருந்த ரசிகர் கூட்டம் தோனியின் ஆட்டத்தை காணவே காத்து கிடந்தது இதற்கு முன்பு வரை தோனி என்றாலே பேட்டிங்கில் தனது அதிரடி ஆட்டத்தால் கிரிக்கெட் ரசிகர்களையே வியப்பில் ஆழ்த்துவார் என்றிருக்க இந்த சீசனில் அதே தோனி பேட்டிங் செய்யவே கொஞ்சம் தயக்கம் காட்டினார் என்பது தான் உண்மை, 16 போட்டிகளையும் கணக்கில் கொண்டால் தோனி சந்தித்த பந்துகள் என்னவோ வெறும் 100+ மட்டுமே... இந்தியாவின் எந்த மூலையில் சென்னை ஆடினாலும் தோனியின் ஆட்டத்தை காண ரசிகர் கூட்டம் கூடி ஆர்ப்பரித்தது, தனது பேட்டிங்கை காண ரசிகர்கள் ஆவலாக இருக்கிறார்கள் என்று அவனுக்கு நன்றாகவே தெரியும் ஆனாலும் முன் கூட்டியே இறங்கி தனது பலாக்கிரமத்தை அதிரடி ஆட்டத்தை வெளிப்படுத்த தோனி துளியும் முயற்சிக்கவில்லை அதற்கான காரணத்தை தோனியே இந்த சீசனின் போட்டி ஒன்றின் இறுதியில் கேட்கப்பட்ட வேறு கேள்வி ஒன்றுக்கு பதிலாக வெளிப்படுத்தி இருந்தான் ""நான் சர்வதேச கிரிக்கெட் போட்டிகளிலிருந்து ஓய்வு பெற்றுவிட்ட பிறகு பயிற்சி செய்வதும் இல்லை இந்த ஐபில் சீசனுக்காக கூட மார்ச் மாதத்தில் தான் பயிற்சியை தொடங்கினேன் "" தோனி மேற்கூறிய பதிலில் தான் அவன் ஏன் பேட்டிங்கில் முன் கூட்டியே இறங்கி வழமையாக செய்யும் அதிரடி எதற்கும் முயற்சி செய்யாது கிடைத்த கடைசி சொற்ப பந்துக்களில் ஓரிரு சிக்ஸர்களை விளாசி ரன்களை சேர்த்து அணியை ஒருங்கிணைத்து திறனாக வழி நடத்தி ஆட்டத்தின் வெற்றியில் மட்டுமே குறியாக இருந்ததற்கான காரணமும் இருக்கிறது ரோஹித் போல எத்தனை முறை பூஜ்ஜியத்தில் அவுட் ஆனாலும் ஓப்பனிங் மட்டுமே செய்வேன் என்று அடம் பிடிக்காமல் ரசிகர்களின் எதிர்பார்ப்புகளுக்கு இசைந்து சொதப்பாமல் தனது பலஹீனத்தை நன்கு அறிந்து எச்சூழலிலும் அது வெளிப்பட்டு அணியின் தோல்விக்கு காரணமாக அமைந்து விடக்கூடாது என்று இயங்கிய தோனியின் முதிர்ச்சி 2023 ஐபில் போட்டியின் சாம்பியன் அணியாக, 5 முறை சாம்பியன் வென்ற அணியாக, இதுவரை சென்னை அணி பங்கேற்ற 14 போட்டிகளில் 10 முறை இறுதி சுற்றுக்கு தகுதி பெற்ற அணியாக CSK அணியை உச்சியில் தூக்கி நிறுத்தியிருக்கிறது Hatsoff DHONI the mighty. ❤️","தோனி - அவனை அறிந்தவன்! ஒருவனின் பலமே தனது பலத்தை காட்டிலும் பலவீனத்தை முழுமையாக அவன் அறிந்து வைத்துக் கொள்வது தான், ஆம் தன் பலஹீனம் என்னவென்று தோனிக்கு நன்றாகவே தெரிந்திருக்கிறது 2023 ஐபில் சீசனில் மொத்தம் 16 போட்டிகளில் சென்னை அணி விளையாடியிருக்கிறது, ஒவ்வொரு போட்டியிலும் மைதானத்தில் கூடி இருந்த ரசிகர் கூட்டம் தோனியின் ஆட்டத்தை காணவே காத்து கிடந்தது இதற்கு முன்பு வரை தோனி என்றாலே பேட்டிங்கில் தனது அதிரடி ஆட்டத்தால் கிரிக்கெட் ரசிகர்களையே வியப்பில் ஆழ்த்துவார் என்றிருக்க இந்த சீசனில் அதே தோனி பேட்டிங் செய்யவே கொஞ்சம் தயக்கம் காட்டினார் என்பது தான் உண்மை, 16 போட்டிகளையும் கணக்கில் கொண்டால் தோனி சந்தித்த பந்துகள் என்னவோ வெறும் 100+ மட்டுமே... இந்தியாவின் எந்த மூலையில் சென்னை ஆடினாலும் தோனியின் ஆட்டத்தை காண ரசிகர் கூட்டம் கூடி ஆர்ப்பரித்தது, தனது பேட்டிங்கை காண ரசிகர்கள் ஆவலாக இருக்கிறார்கள் என்று அவனுக்கு நன்றாகவே தெரியும் ஆனாலும் முன் கூட்டியே இறங்கி தனது பலாக்கிரமத்தை அதிரடி ஆட்டத்தை வெளிப்படுத்த தோனி துளியும் முயற்சிக்கவில்லை அதற்கான காரணத்தை தோனியே இந்த சீசனின் போட்டி ஒன்றின் இறுதியில் கேட்கப்பட்ட வேறு கேள்வி ஒன்றுக்கு பதிலாக வெளிப்படுத்தி இருந்தான் ""நான் சர்வதேச கிரிக்கெட் போட்டிகளிலிருந்து ஓய்வு பெற்றுவிட்ட பிறகு பயிற்சி செய்வதும் இல்லை இந்த ஐபில் சீசனுக்காக கூட மார்ச் மாதத்தில் தான் பயிற்சியை தொடங்கினேன் "" தோனி மேற்கூறிய பதிலில் தான் அவன் ஏன் பேட்டிங்கில் முன் கூட்டியே இறங்கி வழமையாக செய்யும் அதிரடி எதற்கும் முயற்சி செய்யாது கிடைத்த கடைசி சொற்ப பந்துக்களில் ஓரிரு சிக்ஸர்களை விளாசி ரன்களை சேர்த்து அணியை ஒருங்கிணைத்து திறனாக வழி நடத்தி ஆட்டத்தின் வெற்றியில் மட்டுமே குறியாக இருந்ததற்கான காரணமும் இருக்கிறது ரோஹித் போல எத்தனை முறை பூஜ்ஜியத்தில் அவுட் ஆனாலும் ஓப்பனிங் மட்டுமே செய்வேன் என்று அடம் பிடிக்காமல் ரசிகர்களின் எதிர்பார்ப்புகளுக்கு இசைந்து சொதப்பாமல் தனது பலஹீனத்தை நன்கு அறிந்து எச்சூழலிலும் அது வெளிப்பட்டு அணியின் தோல்விக்கு காரணமாக அமைந்து விடக்கூடாது என்று இயங்கிய தோனியின் முதிர்ச்சி 2023 ஐபில் போட்டியின் சாம்பியன் அணியாக, 5 முறை சாம்பியன் வென்ற அணியாக, இதுவரை சென்னை அணி பங்கேற்ற 14 போட்டிகளில் 10 முறை இறுதி சுற்றுக்கு தகுதி பெற்ற அணியாக CSK அணியை உச்சியில் தூக்கி நிறுத்தியிருக்கிறது Hatsoff DHONI the mighty.",Tamil,telegram,hate_speech,2,2
En love song committed tha kekanuma,en love song committed tha kekanuma,English,whatsapp,safe,0,0
3:00 see this 😂😂😂,00 see,English,youtube,safe,0,0
கண்டிப்பாக ஒரு நாள் கல்யாணம்ம்ம்ம்ம் ஆகலாம் 😂😂😂😂😂😂😂😂😂😂😂😂😂😂😂😂😂😂,கண்டிப்பாக ஒரு நாள் கல்யாணம்ம்ம்ம்ம் ஆகலாம்,Tamil,youtube,safe,0,0
"Naai kita ole vaagitu , naai kudi la maatikita thane da nee ? En da naai kuda thevadiya thanam panuraaa",naai kita ole vaagitu naai kudi maatikita thane nee en naai kuda thevadiya thanam panuraaa,Tanglish,whatsapp,hate_speech,2,2
chocolate_brown_03,chocolate brown 03,English,instagram,safe,0,0
திராவிட தேசத்தின் முக்ய மந்த்ரி இஸ்டாலின் சின்னமேளமு காரூ ஜிண்டாபாட் ஜிண்டாபாட்,திராவிட தேசத்தின் முக்ய மந்த்ரி இஸ்டாலின் சின்னமேளமு காரூ ஜிண்டாபாட் ஜிண்டாபாட்,Tamil,youtube,safe,0,0
Ella period indhu iruku but mobile romba idha encourage pannudhu,ella period indhu iruku mobile romba idha encourage pannudhu,Tanglish,youtube,safe,0,0
Threads,threads,English,instagram,safe,0,0
Seri seri nee Adutha time pudhusa yedhaavudhu kandupiduchu vandhu sollu😂,nee adutha time pudhusa yedhaavudhu kandupiduchu vandhu sollu,Tanglish,whatsapp,safe,0,0
In Home,home,English,whatsapp,safe,0,0
நித்தியானந்தா சிரிப்பு அழகு,நித்தியானந்தா சிரிப்பு அழகு,Tamil,youtube,safe,0,0
"Anna Anni , Mama akka nu Comments pannitu Oru tharkuri Kootam Irukuthuga vera karumam....!",anni mama comments pannitu oru tharkuri kootam irukuthuga vera karumam,Tanglish,youtube,safe,0,0
நானும் த ப்ரோ🤣🤣🤣 triple h Undertaker m anna thambi 🤣🤣🤣🤣,triple undertaker anna thambi,English,youtube,safe,0,0
hearty___siva,hearty siva,English,instagram,safe,0,0
😂😂😂😂 தரமான எடிட்டிங் 😂😂😂,தரமான எடிட்டிங்,Tamil,youtube,safe,0,0
வருங்கால சித்தாள் கொத்தனார்,வருங்கால சித்தாள் கொத்தனார்,Tamil,youtube,safe,0,0
Dei link lam thookitanunga da,link lam thookitanunga,Tanglish,whatsapp,safe,0,0
They are thinking that it is a prestigious to them but according to it is a cringe,thinking prestigious according cringe,English,youtube,mild_toxic,1,1
Today watching,today watching,English,youtube,safe,0,0
1st half ultimate,1st half ultimate,English,whatsapp,safe,0,0
Rightu,rightu,English,whatsapp,safe,0,0
Ole them,ole,English,whatsapp,safe,0,0
Thumbnail Gopi vera level 😂😂😂😍,thumbnail gopi vera level,Tanglish,youtube,safe,0,0
5:24. That friend who covered her face 😊 POV~ I don't know this tharkuri girls,24 friend covered face pov know tharkuri girls,English,youtube,safe,0,0
ஓம் முருகா போற்றி 😭😭😭😭,ஓம் முருகா போற்றி,Tamil,instagram,safe,0,0
4/5 tharalam,tharalam,English,whatsapp,safe,0,0
Appadi neegallam sonna sari kalyanam agi pondati kuda sanda poodama ethana peru irukkinga this the age of attraction ellarukkum varum but I know this is too much Naa ethavathu thappa pesi iruntha Brothers and sisters sorry,appadi neegallam sonna sari kalyanam agi pondati kuda sanda poodama ethana peru irukkinga age attraction ellarukkum varum know much naa ethavathu thappa pesi iruntha brothers sisters sorry,English,youtube,safe,0,0
@isthisnvn aama bro Correct,isthisnvn aama correct,Tanglish,youtube,safe,0,0
Your Phone is allergetic for clg grp pola,phone allergetic clg grp pola,English,whatsapp,safe,0,0
வீட்ல பாத்தா சத்தம் போடுவாங்கனு பயம் இல்லையா?,வீட்ல பாத்தா சத்தம் போடுவாங்கனு பயம் இல்லையா?,Tamil,youtube,safe,0,0
Illa da padam nalla illa athan paakala,illa padam nalla illa athan paakala,Tanglish,whatsapp,safe,0,0
Pubg ஆல் பாதிக்கபட்ட நபர்கள்,Pubg ஆல் பாதிக்கபட்ட நபர்கள்,Tamil,whatsapp,safe,0,0
உன் மனசுக்கு நீ நல்லது தான் தல நெனைப்ப.. ஆனா அந்த நாய்க்கு ஓட்டு போட மாட்டோம் 😂😂😂😂😂,உன் மனசுக்கு நீ நல்லது தான் தல நெனைப்ப.. ஆனா அந்த நாய்க்கு ஓட்டு போட மாட்டோம்,Tamil,instagram,safe,0,0
Nanu summ download panni paathe full padam,nanu summ download panni paathe full padam,English,whatsapp,hate_speech,2,2
Gotha ?,gotha,English,whatsapp,safe,0,0
My only stress buster is gopi sudhaakar ' shows...,stress buster gopi sudhaakar shows,English,youtube,safe,0,0
I am in 2022,2022,English,youtube,safe,0,0
Antha record onga AK vala break pannave mutiyathu,antha record onga ak vala break pannave mutiyathu,English,whatsapp,safe,0,0
Happy birthday machi✨,happy birthday machi,English,whatsapp,safe,0,0
pavithra_2kchennai,pavithra 2kchennai,English,instagram,safe,0,0
Evanda mathan phonela irundu message panrathu 🤣,evanda mathan phonela irundu message panrathu,English,whatsapp,safe,0,0
English,english,English,instagram,safe,0,0
@ammaponnu390 today watching,ammaponnu390 today watching,English,youtube,safe,0,0
Dei 50 anupuga da,50 anupuga,Tanglish,whatsapp,safe,0,0
Una epo da senji vida poraga nu theriyala,una epo senji vida poraga theriyala,Tanglish,whatsapp,safe,0,0
Phone eduka matran <This message was edited>,phone eduka matran message edited,English,whatsapp,safe,0,0
Jintha potta,jintha potta,English,whatsapp,safe,0,0
En da sonathey thirupi thirupi solitu iruka thevadiya satan,en da sonathey thirupi thirupi solitu iruka thevadiya satan,English,whatsapp,safe,0,0
kasu kaila illa da,kasu kaila illa,Tanglish,whatsapp,safe,0,0
Mankatha orey movie tha,mankatha orey movie tha,English,whatsapp,safe,0,0
"*சொன்னா நம்பமாட்டீங்க.* *ஆனா இது ஓர் உண்மை சம்பவம் தான்* *நான் ஒரு கர்ப்பினி பெண்ணை எட்டி உதைச்சுட்டேன்..☹️* ..... ...... ..... ..... . *என்ன..? 😳* ....... ....... ....... . *ஆமா, எங்கம்மா வயித்துல நான் குழந்தையா இருந்த போது.. 🏃🏃*","*சொன்னா நம்பமாட்டீங்க.* *ஆனா இது ஓர் உண்மை சம்பவம் தான்* *நான் ஒரு கர்ப்பினி பெண்ணை எட்டி உதைச்சுட்டேன்.. * ..... ...... ..... ..... . *என்ன..? * ....... ....... ....... . *ஆமா, எங்கம்மா வயித்துல நான் குழந்தையா இருந்த போது.. *",Tamil,telegram,safe,0,0
Season,season,English,whatsapp,safe,0,0
Nithish alter ego,nithish alter ego,English,whatsapp,safe,0,0
Theriyala da college grp kula type pana phone hang aaguthu,theriyala college grp kula type pana phone hang aaguthu,Tanglish,whatsapp,safe,0,0
Avan thanda unaku pool iruku nu nambi oombuvan da,avan thanda unaku pool iruku nambi oombuvan,Tanglish,whatsapp,safe,0,0
Evlo da fees uh ?,evlo fees uh,Tanglish,whatsapp,safe,0,0
Bala in kailash <This message was edited>,bala kailash message edited,English,whatsapp,safe,0,0
Correct my first lover s.subashini. .... Innaikku enga irukkaanganu theriyala... Eanakku 2 pen kulanthai .indrum avanga mela eanakku madhippu irukku... This is 90 kids....,correct first lover subashini innaikku enga irukkaanganu theriyala eanakku pen kulanthai indrum avanga mela eanakku madhippu irukku 90 kids,Tanglish,youtube,safe,0,0
Nallathu,nallathu,English,whatsapp,safe,0,0
தோல்ஸ் என்ற மனிதனுக்கு எப்போதும் தன்னுடைய குத்தியை வாயில் வைத்து உறிஞ்சுவதற்கான பழக்கம் உள்ளது.,தோல்ஸ் என்ற மனிதனுக்கு எப்போதும் தன்னுடைய குத்தியை வாயில் வைத்து உறிஞ்சுவதற்கான பழக்கம் உள்ளது.,Tamil,whatsapp,safe,0,0
Bro 90's kids thana neengalum 🎉,bro 90 kids thana neengalum,English,youtube,safe,0,0
Sili munda da nee poda poi oormaa aalu,sili munda nee poda poi oormaa aalu,Tanglish,whatsapp,severe,3,3
I am always watching 👀,always watching,English,youtube,safe,0,0
Intha sem etha paper,intha sem etha paper,English,whatsapp,safe,0,0
Vera level 🔥😂❤,vera level,Tanglish,youtube,safe,0,0
So you should not talk about this tharkuris 🤷,talk tharkuris,English,youtube,safe,0,0
Ne avala patho <This message was edited>,ne avala patho message edited,English,whatsapp,safe,0,0
போய் யூனிபார்ம் டிரெஸ் மாத்து எரும😮😮😮,போய் யூனிபார்ம் டிரெஸ் மாத்து எரும,Tamil,youtube,safe,0,0
Athoda backstory solitu irudhuchu,athoda backstory solitu irudhuchu,English,whatsapp,safe,0,0
I'm watching in 2021 Feb 1,watching 2021 feb,English,youtube,safe,0,0
Bro na 2022 la pakkuren bro,2022 pakkuren,Tanglish,youtube,safe,0,0
ஜெஃபின் ஆண்கள் மற்றும் பாலினத்தவர்களுடன் அதிகமாக உடலுறவு கொண்டார்.,ஜெஃபின் ஆண்கள் மற்றும் பாலினத்தவர்களுடன் அதிகமாக உடலுறவு கொண்டார்.,Tamil,whatsapp,safe,0,0
Me July 2025,july 2025,English,youtube,safe,0,0
Single tha gethu,single tha gethu,English,youtube,safe,0,0
Elarumey una verified thevadiya ah approve pani una oothutu thane irukaga,elarumey una verified thevadiya ah approve pani una oothutu thane irukaga,English,whatsapp,safe,0,0
1st half finish,1st half finish,English,whatsapp,safe,0,0
"மாணவி: சார், தமிழர்கள் தீபாவளியை எதற்குக் கொண்டாடுகிறார்கள்? ஆசிரியர்: எதற்காக கேட்கிறாய்? மாணவி: தமிழ்ச் சங்க காலத்தில் இங்கு தீபாவளி கொண்டாடப்பட்டதாகத் தெரியவில்லை. அதற்கான எந்தக் குறிப்பும் இலக்கியத்தில் இல்லை. ஆசிரியர்: அதனால் என்ன? மாணவி: இப்போது நாம் மட்டும் கொண்டாடுகிறோமே ஏன்? ஆசிரியர்: கிருஸ்தவர்கள் கிறிஸ்மஸ் கொண்டாடுகிறார்கள். இஸ்லாமியர்கள் மிலாடி நபி கொண்டாடுகிறார்கள். அதைப் போலத்தான் இதுவும். மாணவி: தமிழர்களின் பண்டிகைப் பற்றிப் பேசும்போது நீங்கள் மற்ற மதத்தின் பண்டிகைகள் பற்றி பேசுறீங்களே?! அப்படினா தீபாவளி தமிழர்களின் பண்டிகை இல்லை என்பது தெளிவாகிறது. அது இந்துமத பண்டிகை என்று புரிகிறது. ஆசிரியர்: 🥺 மாணவி: சரி, கிறிஸ்துமஸ் கிறிஸ்து பிறந்த நாள், மிலாடி நபி முகமதுநபி பிறந்தநாள். தீபாவளி யாருடைய பிறந்த நாள் சார்? ஆசிரியர்: தீபாவளி - நரகாசுரன் கொல்லப்பட்ட நாள். மாணவி: 🤔 மற்ற மதத்தவர்கள் தங்கள் மதத் தலைவர்களின் பிறந்த நாளைக் கொண்டாடும் போது இந்துமதம் மட்டும் நரகாசுரனின் இறந்த தினத்தை ஏன் இவ்வளவு ஆடம்பரமாகக் கொண்டாடுகிறது? ஆசிரியர்: நரகாசுரன் என்கிற கருப்பான பயங்கரமான அசுரன், பார்ப்பனர்கள் யாகம் செய்யவிடாமல் தடுத்தான். அதனால் பார்ப்பனர்களும் தேவர்களும், பகவானிடம் சென்று முறையிடவே கிருஷ்ண அவதாரம் எடுத்து நரகாசுரனை கொன்றாராம். மாணவி: இந்தக்கதையில் பார்ப்பனர்கள் என்பது யாரென்று புரிகிறது சார். பார்ப்பனர்கள் இன்றும் கூட இருக்கிறார்கள். அப்படியானால் அந்த அசுரர்கள் யார்? எங்கு இருக்கிறார்கள்? ஆசிரியர்: புராணங்களில் வரும் வருணனைகளை வைத்துப் பார்த்தால் பெரும்பாலான அசுரர்கள் என்பவர்கள் தமிழர்கள் தான். மாணவி: அப்படியானால் தீபாவளி பார்ப்பனர்களின் வெற்றி விழா. தமிழர்களை வீழ்த்திய நாள் 😾😾 ஆசிரியர்: 🥺 மாணவி: பார்ப்பனர்களுக்கு ஆதரவாக தமிழர்களை அழித்தக் கடவுள் எப்படி தமிழர்களுக்கு கடவுளாவார்? பிராமணர்கள் தங்களைக் காத்த அந்தப் பிராமணக் கடவுளை நினைத்து பெருமையுடன் தீபாவளி கொண்டாடலாம். ஆனால் தமிழர்களான நாம் நம் தன்மானத்தை இழந்து எப்படி தீபாவளியை கொண்டாட முடியும்? இது நமக்கு அவமானம் இல்லையா! ஆசிரியர்: 🥺 மாணவி: நரகாசுரனின் பிறந்த நாளை அல்லவா தமிழர்கள் விமரிசையாகக் கொண்டாடவேண்டும். ஆசிரியர்: நரகாசுரனின் பிறந்த நாள் தான் தெரியாதே?! மாணவி: நரகாசுரன் இறந்த நாளைக் கண்டுபிடித்த ஆரியப் வைதீக மதத்திற்கு அவரின் பிறந்த நாள் தெரியாதா? இது அயோக்கியத்தனமில்லையா? தமிழ் அறிஞர்கள் என்று கூறிக் கொள்பவர்கள் ஏன் இதுபற்றி ஒருபோதும் பேசியதில்லை? ஏன் சார் ? ஆசிரியர்: 🥺 உனக்கு ஏம்மா இவ்ளோ கோவம்? மாணவி: இனிவரும் தலைமுறைக்காவது சரியான விளக்கத்தைச் சொல்லி இனமானமிக்க தமிழர்களை உருவாக்க வேண்டும் சார்! ஆசிரியர்: நீ சொல்வது சரி தான் மா.🥺🥺🤔 தீபாவளிக்கு ஏன் திராவிட தலைவர்கள் வாழ்த்து சொல்லுவதில்லை என்பதற்கான விளக்கம் தான் இந்த பதிவு. இனிய வணக்கம் உறவுகளே 🙏🙏🙏 -பகிர்வு-","மாணவி: சார், தமிழர்கள் தீபாவளியை எதற்குக் கொண்டாடுகிறார்கள்? ஆசிரியர்: எதற்காக கேட்கிறாய்? மாணவி: தமிழ்ச் சங்க காலத்தில் இங்கு தீபாவளி கொண்டாடப்பட்டதாகத் தெரியவில்லை. அதற்கான எந்தக் குறிப்பும் இலக்கியத்தில் இல்லை. ஆசிரியர்: அதனால் என்ன? மாணவி: இப்போது நாம் மட்டும் கொண்டாடுகிறோமே ஏன்? ஆசிரியர்: கிருஸ்தவர்கள் கிறிஸ்மஸ் கொண்டாடுகிறார்கள். இஸ்லாமியர்கள் மிலாடி நபி கொண்டாடுகிறார்கள். அதைப் போலத்தான் இதுவும். மாணவி: தமிழர்களின் பண்டிகைப் பற்றிப் பேசும்போது நீங்கள் மற்ற மதத்தின் பண்டிகைகள் பற்றி பேசுறீங்களே?! அப்படினா தீபாவளி தமிழர்களின் பண்டிகை இல்லை என்பது தெளிவாகிறது. அது இந்துமத பண்டிகை என்று புரிகிறது. ஆசிரியர்: மாணவி: சரி, கிறிஸ்துமஸ் கிறிஸ்து பிறந்த நாள், மிலாடி நபி முகமதுநபி பிறந்தநாள். தீபாவளி யாருடைய பிறந்த நாள் சார்? ஆசிரியர்: தீபாவளி - நரகாசுரன் கொல்லப்பட்ட நாள். மாணவி: மற்ற மதத்தவர்கள் தங்கள் மதத் தலைவர்களின் பிறந்த நாளைக் கொண்டாடும் போது இந்துமதம் மட்டும் நரகாசுரனின் இறந்த தினத்தை ஏன் இவ்வளவு ஆடம்பரமாகக் கொண்டாடுகிறது? ஆசிரியர்: நரகாசுரன் என்கிற கருப்பான பயங்கரமான அசுரன், பார்ப்பனர்கள் யாகம் செய்யவிடாமல் தடுத்தான். அதனால் பார்ப்பனர்களும் தேவர்களும், பகவானிடம் சென்று முறையிடவே கிருஷ்ண அவதாரம் எடுத்து நரகாசுரனை கொன்றாராம். மாணவி: இந்தக்கதையில் பார்ப்பனர்கள் என்பது யாரென்று புரிகிறது சார். பார்ப்பனர்கள் இன்றும் கூட இருக்கிறார்கள். அப்படியானால் அந்த அசுரர்கள் யார்? எங்கு இருக்கிறார்கள்? ஆசிரியர்: புராணங்களில் வரும் வருணனைகளை வைத்துப் பார்த்தால் பெரும்பாலான அசுரர்கள் என்பவர்கள் தமிழர்கள் தான். மாணவி: அப்படியானால் தீபாவளி பார்ப்பனர்களின் வெற்றி விழா. தமிழர்களை வீழ்த்திய நாள் ஆசிரியர்: மாணவி: பார்ப்பனர்களுக்கு ஆதரவாக தமிழர்களை அழித்தக் கடவுள் எப்படி தமிழர்களுக்கு கடவுளாவார்? பிராமணர்கள் தங்களைக் காத்த அந்தப் பிராமணக் கடவுளை நினைத்து பெருமையுடன் தீபாவளி கொண்டாடலாம். ஆனால் தமிழர்களான நாம் நம் தன்மானத்தை இழந்து எப்படி தீபாவளியை கொண்டாட முடியும்? இது நமக்கு அவமானம் இல்லையா! ஆசிரியர்: மாணவி: நரகாசுரனின் பிறந்த நாளை அல்லவா தமிழர்கள் விமரிசையாகக் கொண்டாடவேண்டும். ஆசிரியர்: நரகாசுரனின் பிறந்த நாள் தான் தெரியாதே?! மாணவி: நரகாசுரன் இறந்த நாளைக் கண்டுபிடித்த ஆரியப் வைதீக மதத்திற்கு அவரின் பிறந்த நாள் தெரியாதா? இது அயோக்கியத்தனமில்லையா? தமிழ் அறிஞர்கள் என்று கூறிக் கொள்பவர்கள் ஏன் இதுபற்றி ஒருபோதும் பேசியதில்லை? ஏன் சார் ? ஆசிரியர்: உனக்கு ஏம்மா இவ்ளோ கோவம்? மாணவி: இனிவரும் தலைமுறைக்காவது சரியான விளக்கத்தைச் சொல்லி இனமானமிக்க தமிழர்களை உருவாக்க வேண்டும் சார்! ஆசிரியர்: நீ சொல்வது சரி தான் மா. தீபாவளிக்கு ஏன் திராவிட தலைவர்கள் வாழ்த்து சொல்லுவதில்லை என்பதற்கான விளக்கம் தான் இந்த பதிவு. இனிய வணக்கம் உறவுகளே -பகிர்வு-",Tamil,telegram,safe,0,0
only for 90s kids,90s kids,English,youtube,safe,0,0
Varathu varathu,varathu varathu,English,whatsapp,safe,0,0
Acidity form airuchu da beer adichi eno kudichi vaanthi eduthutu iruken naneyy😭,acidity form airuchu beer adichi eno kudichi vaanthi eduthutu iruken naneyy,Tanglish,whatsapp,safe,0,0
Points yoshichiya,points yoshichiya,English,whatsapp,safe,0,0
vera ethavathu kelu da pathukalam,vera ethavathu kelu pathukalam,Tanglish,whatsapp,safe,0,0
Naanum tha,naanum tha,English,youtube,safe,0,0
என்னா எதுக்கு அடிச்சிங்க.இருடி எங்க அப்பாவ கூட்டிட்டு வரன்.😃😃😄😄😆😆😅😅😃😃,என்னா எதுக்கு அடிச்சிங்க.இருடி எங்க அப்பாவ கூட்டிட்டு வரன்.,Tamil,youtube,safe,0,0
"யப்பா சாமி டேய்.... முடியல... சிரிச்சு சிரிச்சு வயிறு வலிக்குது.. 😂😂😂 பிரமாதம். எனக்கு ரொம்ப பிடிச்சது ""எவென் என்னைய அடிச்சானோ...""","யப்பா சாமி டேய்.... முடியல... சிரிச்சு சிரிச்சு வயிறு வலிக்குது.. பிரமாதம். எனக்கு ரொம்ப பிடிச்சது ""எவென் என்னைய அடிச்சானோ...""",Tamil,youtube,safe,0,0
எனக்கு 33 வயசு ஆகுது எனக்கும் இன்னும் கல்யாணம் ஆகல 😢,எனக்கு 33 வயசு ஆகுது எனக்கும் இன்னும் கல்யாணம் ஆகல,Tamil,youtube,safe,0,0
தெரிந்தோ... தெரியாமலோ..... இந்த ஆண்டு.... உங்கள் மனது புண்படும்படி பதிவிட்டு இருந்தாலோ பேசி இருந்தாலோ.... அது ஒரு பெரிய விசயமே இல்லை ... ஏனெனில்.... உங்க வீட்டு காலண்டர் மாறலாம்... நாட்கள் மாறலாம்... நேரங்கள் மாறலாம்... சாப்பாடு மாறலாம்... தட்பவெப்ப நிலை மாறலாம்.... ஆட்சிகள் மாறலாம்.... டிவி சேனல்கள் மாறலாம்.... நான் மாற மாட்டேன்... ஏனெனில்.... அதைத்தான் 2026 லும் செய்யப்போகிறேன்........ நட்பும் அன்பும் தொடரட்டும்... 🙏,தெரிந்தோ... தெரியாமலோ..... இந்த ஆண்டு.... உங்கள் மனது புண்படும்படி பதிவிட்டு இருந்தாலோ பேசி இருந்தாலோ.... அது ஒரு பெரிய விசயமே இல்லை ... ஏனெனில்.... உங்க வீட்டு காலண்டர் மாறலாம்... நாட்கள் மாறலாம்... நேரங்கள் மாறலாம்... சாப்பாடு மாறலாம்... தட்பவெப்ப நிலை மாறலாம்.... ஆட்சிகள் மாறலாம்.... டிவி சேனல்கள் மாறலாம்.... நான் மாற மாட்டேன்... ஏனெனில்.... அதைத்தான் 2026 லும் செய்யப்போகிறேன்........ நட்பும் அன்பும் தொடரட்டும்...,Tamil,telegram,safe,0,0
I think you guys respect the effort of creators but….👍🏻,think guys respect effort creators,English,whatsapp,safe,0,0
Oomba vituruven unna <This message was edited>,oomba vituruven unna message edited,English,whatsapp,safe,0,0
Onnu illa macchi plagiarism check pannathu Muthu danish RaGaVaN keata antha grpla potea,onnu illa macchi plagiarism check pannathu muthu danish ragavan keata antha grpla potea,English,whatsapp,safe,0,0
2021 la யார் எல்லாம் பாக்கிறீங்க,2021 la யார் எல்லாம் பாக்கிறீங்க,Tamil,youtube,safe,0,0
Oh sari da machi,machi,Tanglish,whatsapp,safe,0,0
Happy Birthday da @⁨Clg RaGaVaN⁩ 🎉🎂,happy birthday da clg ragavan,English,whatsapp,safe,0,0
Ne tha tha da vijay ahh ommbura,ne tha tha da vijay ahh ommbura,English,whatsapp,safe,0,0
Who watch 2k19😁😁😁,watch 2k19,English,youtube,safe,0,0
6:16 The expression the guy behind Gopi gives is exactly how we reacted :D,16 expression guy behind gopi gives exactly reacted,English,youtube,safe,0,0
Don't share anymore,share anymore,English,whatsapp,safe,0,0
Thanks 😅,thanks,English,youtube,safe,0,0
7. 56 channel name what,56 channel name,English,youtube,safe,0,0
"35 வயசு ஆச்சு இன்னும் தனியா தான் சுத்திட்டு இருக்கிறேன், என்ன நெனச்சி எனக்கே கேவலமா இருக்கு","35 வயசு ஆச்சு இன்னும் தனியா தான் சுத்திட்டு இருக்கிறேன், என்ன நெனச்சி எனக்கே கேவலமா இருக்கு",Tamil,youtube,safe,0,0
Enga da irukinga ?,enga irukinga,Tanglish,whatsapp,safe,0,0
Aana avanta full padam um irukku da machi,aana avanta full padam um irukku machi,Tanglish,whatsapp,safe,0,0
"அஜித் fan இல்லை, சுயசிந்தனை fan🔥","அஜித் fan இல்லை, சுயசிந்தனை fan",Tamil,instagram,safe,0,0
Mr.Incredible Channel screen play Mr. just for fun,mr incredible channel screen play mr fun,English,youtube,safe,0,0
ne enna pesanalum movie nalla illa avolo tha,ne enna pesanalum movie nalla illa avolo tha,Tanglish,whatsapp,safe,0,0
One time watch??,one time watch,English,whatsapp,safe,0,0
ரெம்ப நாள் கழிச்சு கண்ணீர் வர வர சிரிச்சே,ரெம்ப நாள் கழிச்சு கண்ணீர் வர வர சிரிச்சே,Tamil,youtube,safe,0,0
Just 3 years later,years later,English,youtube,safe,0,0
papu_preethi,papu preethi,English,instagram,safe,0,0
Dei anilgala unga anna thanda padam ae leak panathu puritha ilaiya ??,anilgala unga thanda padam ae leak panathu puritha ilaiya,Tanglish,whatsapp,safe,0,0
அப்பா அம்மா எல்லாரும் பையன் வசதியா இருக்கணும்னு சொல்லிட்டு இப்போ எவன்கூடயோ போறது தெரியாம இருகாங்க,அப்பா அம்மா எல்லாரும் பையன் வசதியா இருக்கணும்னு சொல்லிட்டு இப்போ எவன்கூடயோ போறது தெரியாம இருகாங்க,Tamil,youtube,safe,0,0
Intha padam ae super ah iruku da,intha padam ae super iruku,Tanglish,whatsapp,safe,0,0
Cheri da unaku pool iruku da poda,cheri unaku pool iruku poda,Tanglish,whatsapp,safe,0,0
Yenna pannadhaan da onnoda pundai satisfaction aagum,yenna pannadhaan onnoda pundai satisfaction aagum,Tanglish,whatsapp,safe,0,0
Ithalam thalaivaa release apove paathaachi,ithalam thalaivaa release apove paathaachi,English,whatsapp,safe,0,0
Only strasssa,strasssa,English,youtube,safe,0,0
48 வயசு ஆகுது இன்னும் கல்யாணம் ஆகாமல் இருக்காங்க என் மாமா பசங்க விடுங்க பாஸ் கவலை படாதீங்க,48 வயசு ஆகுது இன்னும் கல்யாணம் ஆகாமல் இருக்காங்க என் மாமா பசங்க விடுங்க பாஸ் கவலை படாதீங்க,Tamil,youtube,safe,0,0
சாவு சாவுல😅😊😂,சாவு சாவுல,Tamil,youtube,safe,0,0
4:26 ofc it's cringy but the message she was trying to communicate wasn't <3,26 ofc cringy message trying communicate,English,youtube,safe,0,0
Earphone,earphone,English,whatsapp,safe,0,0
ஏ சங்கத்து ஆள கேவலமா பேசுனது எவண்டா 😂😂😂,ஏ சங்கத்து ஆள கேவலமா பேசுனது எவண்டா,Tamil,youtube,safe,0,0
அதிகமாக இப்படி தறுதலைகள் தான் இருக்குது,அதிகமாக இப்படி தறுதலைகள் தான் இருக்குது,Tamil,youtube,safe,0,0
சில்வர் மண்டையன்,சில்வர் மண்டையன்,Tamil,youtube,safe,0,0
"Our main goal is Secular Social Justice,Political Transformation,Administrative & Social Reforms,Pirapukkum Ella Uyirkkum",main goal secular social justice political transformation administrative social reforms pirapukkum ella uyirkkum,English,whatsapp,safe,0,0
The best part is from 0:00 to 11:19..Hit like if you agree..,best part 00 11 19 hit like agree,English,youtube,safe,0,0
தல : இவனுங்க வேற 😂😂,தல : இவனுங்க வேற,Tamil,instagram,safe,0,0
K d😊 girl s and boys,girl boys,English,youtube,safe,0,0
All is Govt. School Uniform 🙄 no one is in the private school uniform,govt school uniform one private school uniform,English,youtube,safe,0,0
Watching in 2023,watching 2023,English,youtube,safe,0,0
@⁨Thols💫 Kuchi Naai⁩ yara da oopa ? Inga,thols kuchi naai yara oopa inga,Tanglish,whatsapp,hate_speech,2,2
"lokesh , nelson , atlee cameo mass tha",lokesh nelson atlee cameo mass tha,English,whatsapp,safe,0,0
Vera level 😂😂😂 edit ❤❤❤,vera level edit,Tanglish,youtube,safe,0,0
Happy independence 🎇 🇮🇳 day to all my dear 💗 indian brothers and sisters 🫡,happy independence day dear indian brothers sisters,English,telegram,safe,0,0
0:12 1:12 8:14 bro id solu bro intha couple odadhu Konjam reels podumothu per vara mari podu bro please 8:16,12 12 14 id solu intha couple odadhu konjam reels podumothu per vara mari podu please 16,Tanglish,youtube,safe,0,0
Shit fine specimen,shit fine specimen,English,whatsapp,safe,0,0
poi reels paru da punda,poi reels paru punda,Tanglish,whatsapp,safe,0,0
@_attitude_only_ 🤣🤣,attitude,English,youtube,safe,0,0
Ellarum veliya vaanga da,ellarum veliya vaanga,Tanglish,whatsapp,safe,0,0
Avan voice ley kekuthu da,avan voice ley kekuthu,Tanglish,whatsapp,safe,0,0
En first lover s.subashini innaikku enga irukkaanganu theriyala ? Aana 2008 enna nambi Chennai ku vanthaanga. Veetla pirichittaanga.. ippo eanakku vera ponnoda marriage aahi 2 pen kulanthai age attend pannitaanga. Aanaal indrum avanga meethu eanakku madhippum mariyaathayum undu... This 90kids .... Oru naal night avanga enkooda odivanthappakooda avangala naan thodala???? This 90kids ..... Ippo?????? 1 minutes naasaamaa potchu naade. For example 2k kids..mathippu mariyaathaai vetkam ennavendre theriyaatha oru janthukkal,en first lover subashini innaikku enga irukkaanganu theriyala aana 2008 enna nambi chennai ku vanthaanga veetla pirichittaanga ippo eanakku vera ponnoda marriage aahi pen kulanthai age attend pannitaanga aanaal indrum avanga meethu eanakku madhippum mariyaathayum undu 90kids oru naal night avanga enkooda odivanthappakooda avangala naan thodala 90kids ippo minutes naasaamaa potchu naade example 2k kids mathippu mariyaathaai vetkam ennavendre theriyaatha oru janthukkal,Tanglish,youtube,safe,0,0
Me also bro,also bro,English,youtube,safe,0,0
தமிழ் காமெடி memes😜😂😜 King of Quality,தமிழ் காமெடி memes King of Quality,Tamil,telegram,safe,0,0
Mankatha maari vera yaathachi padam irukka AK ta,mankatha maari vera yaathachi padam irukka ak ta,Tanglish,whatsapp,safe,0,0
Don’t worry bro single life is better🎉🎉,worry bro single life better,English,youtube,safe,0,0
Bro Darshan😂😂😂,bro darshan,English,youtube,safe,0,0
Damn those 90's kids☺️ pavaga எங்க பாவம் எல்லாம் உங்கள😮சும்மா விடாது டா,Damn those 90's kids pavaga எங்க பாவம் எல்லாம் உங்கள சும்மா விடாது டா,Tamil,youtube,safe,0,0
"Varuthu , website la paatha crct ah theriyum",varuthu website la paatha crct ah theriyum,English,whatsapp,safe,0,0
தலைவன் சியான் விக்ரம் டயலாக் வேற லெவல் 😂,தலைவன் சியான் விக்ரம் டயலாக் வேற லெவல்,Tamil,youtube,safe,0,0
Contact Uploading & Non-Users,contact uploading non users,English,instagram,safe,0,0
Tharen,tharen,English,whatsapp,safe,0,0
Right uh,right uh,English,whatsapp,safe,0,0
"ஜெஃபின் இலக்கிய ரீதியாக கேஃபின் என்று அழைக்கப்படுகிறார், அவர் ஓரின சேர்க்கை தொழிலில் பிரபலமானவர் மற்றும் அவரது உறிஞ்சும் திறமையால் நன்கு வளர்ந்தவர். ஒரு முறை கேஃபின் ஒரு நாயை மிகவும் கடினமாக உறிஞ்சியதால் அந்த நாய் உடனடியாக இறந்துவிட்டது.","ஜெஃபின் இலக்கிய ரீதியாக கேஃபின் என்று அழைக்கப்படுகிறார், அவர் ஓரின சேர்க்கை தொழிலில் பிரபலமானவர் மற்றும் அவரது உறிஞ்சும் திறமையால் நன்கு வளர்ந்தவர். ஒரு முறை கேஃபின் ஒரு நாயை மிகவும் கடினமாக உறிஞ்சியதால் அந்த நாய் உடனடியாக இறந்துவிட்டது.",Tamil,whatsapp,hate_speech,2,2
Hollywood remake thaana,hollywood remake thaana,English,whatsapp,safe,0,0
Mee also bro😂,mee also bro,English,youtube,safe,0,0
As a teacher I am very scared of this kind of students,teacher scared kind students,English,youtube,safe,0,0
Paravala but rmb ah theory ah poguthu,paravala rmb ah theory ah poguthu,English,whatsapp,safe,0,0
கமென்ட் என்ன வந்ததுனு கெட்ட வார்த்தையா போடுறியே....உன் குடும்ப பெண்களுக்கு அந்த வார்த்தையை எல்லாம் சொல்லி சந்தோசப்படு,கமென்ட் என்ன வந்ததுனு கெட்ட வார்த்தையா போடுறியே....உன் குடும்ப பெண்களுக்கு அந்த வார்த்தையை எல்லாம் சொல்லி சந்தோசப்படு,Tamil,youtube,safe,0,0
Illa da on sotta kunja,illa sotta kunja,Tanglish,whatsapp,safe,0,0
Avlo thaan da punda tamilmv la irukku😂,avlo thaan punda tamilmv irukku,Tanglish,whatsapp,safe,0,0
heaven_life_69,heaven life 69,English,instagram,safe,0,0
Yaaru da sonna 😂😂😂 veliya sollidatha da kumbal la adichuruvanga😂😂😂,yaaru sonna veliya sollidatha kumbal adichuruvanga,Tanglish,whatsapp,safe,0,0
Today watching bro,today watching bro,English,youtube,safe,0,0
⚜️ யாமிருக்க பயமேன்,யாமிருக்க பயமேன்,Tamil,instagram,safe,0,0
Pavingala 30 vayasu akiduchu innum future a pathina payam irukku eppu da ipdi suthikittu irukinga kandravi en parents nenachi ippo sandosama irukku,pavingala 30 vayasu akiduchu innum future pathina payam irukku eppu ipdi suthikittu irukinga kandravi en parents nenachi ippo sandosama irukku,Tanglish,youtube,safe,0,0
peak of unemployment,peak unemployment,English,whatsapp,safe,0,0
Those who are doing internship also should attend this without fail,internship also attend without fail,English,whatsapp,safe,0,0
2021 illa anna 2023 la pakkura,2021 illa 2023 pakkura,Tanglish,youtube,safe,0,0
View all 56 replies,view 56 replies,English,instagram,safe,0,0
நானும் இப்ப தான் பார்த்தேன்,நானும் இப்ப தான் பார்த்தேன்,Tamil,youtube,safe,0,0
Dei item kaara munda ena da loosi thevadiya maari pesitey iruka,item kaara munda ena loosi thevadiya maari pesitey iruka,Tanglish,whatsapp,severe,3,3
Romba romba worst 🤦🤦🤦,romba romba worst,Tanglish,youtube,mild_toxic,1,1
1w · Edited,1w edited,English,instagram,safe,0,0
Lost dialogue is related enna da valka edi 🤡,lost dialogue related enna valka edi,Tanglish,youtube,safe,0,0
Potta naai periods ooda irukum athu kundi ah sappu po inga romba neram en pool ah oombatha,potta naai periods ooda irukum athu kundi sappu po inga romba neram en pool oombatha,Tanglish,whatsapp,severe,3,3
Follow the தமிழ் காமெடி Memes 😜 😂 😜 channel on WhatsApp:,follow memes channel whatsapp,English,telegram,safe,0,0
Evlo neram da ippudi oombitu irupa ?,evlo neram ippudi oombitu irupa,Tanglish,whatsapp,safe,0,0
"You Tube Channel Super Star Gopi Sudhakar ஞாபகம் வருதே nikkal Kundhal, Prayer மயக்கம், எவன் என்ன அடிச்சானோ, sir பேனா வாங்கறது, 8 th period PT, பேசினால் பெயர் எழுதுவது test paper, correction, அடி வாங்குவது 👏👌😢💓💟🏫📚📝","You Tube Channel Super Star Gopi Sudhakar ஞாபகம் வருதே nikkal Kundhal, Prayer மயக்கம், எவன் என்ன அடிச்சானோ, sir பேனா வாங்கறது, 8 th period PT, பேசினால் பெயர் எழுதுவது test paper, correction, அடி வாங்குவது",Tamil,youtube,safe,0,0
Locations,locations,English,instagram,safe,0,0
First 300crs movie thanga,first 300crs movie thanga,English,whatsapp,safe,0,0
Logic illama pesatha bro,logic illama pesatha,Tanglish,whatsapp,safe,0,0
நீ சும்மா இரு தல உனக்கு ஒரு சுன்னியும் தெரியாது😂,நீ சும்மா இரு தல உனக்கு ஒரு சுன்னியும் தெரியாது,Tamil,instagram,safe,0,0
dei echakala ... 😂andha Amma sonnatha Vida ...ninga sollumbothu... ultimate bro 😂😂😂😂,echakala andha sonnatha vida ninga sollumbothu ultimate,Tanglish,youtube,safe,0,0
😅😂😊what. Bro. Boy. Ok. Geal. To,bro boy ok geal,English,youtube,safe,0,0
Illa yathukku sir love song Caller tune vachinka,illa yathukku sir love song caller tune vachinka,Tanglish,whatsapp,safe,0,0
Y you target only govt school students... Private school students also did the same...,target govt school students private school students also,English,youtube,safe,0,0
Theriyum da,theriyum,Tanglish,whatsapp,safe,0,0
Christanavaney disturb seiyathey avana assault aaga enni vidatheyy,christanavaney disturb seiyathey avana assault aaga enni vidatheyy,English,whatsapp,severe,3,3
Me too ..nanum insta la illa paravailla pa enna Mari innoru jeevan iruku😂,nanum insta illa paravailla enna mari innoru jeevan iruku,Tanglish,youtube,safe,0,0
Nan ketathu antha constituency,nan ketathu antha constituency,English,whatsapp,safe,0,0
"friend's, Amma, appa varamaatanga anaa ungalukku bestie vandhuruvana onnu mattum purijikkonga that the parents ,friends, teachers are the good and pure souls in this world namma eppovum nalla irukkanumnu nenaikkaravanga dhan avanga onnum ungalukku bestie ellathayum seiyalaye",friend varamaatanga anaa ungalukku bestie vandhuruvana onnu mattum purijikkonga parents friends teachers good pure souls world namma eppovum nalla irukkanumnu nenaikkaravanga dhan avanga onnum ungalukku bestie ellathayum seiyalaye,Tanglish,youtube,safe,0,0
nee it vera aalunga bro,nee vera aalunga,Tanglish,whatsapp,safe,0,0
Antha leak pannuruvan ta motha padam um irukku da,antha leak pannuruvan ta motha padam um irukku,Tanglish,whatsapp,safe,0,0
"@praveen_leo_14 ivanum ipdithan.... Cc: @mantek_mani, @ae_santhosh, @suriya_kb, @santhosh_tjsk",praveen leo 14 ivanum ipdithan cc mantek mani ae santhosh suriya kb santhosh tjsk,English,instagram,safe,0,0
venkatesh_moorthy_,venkatesh moorthy,English,instagram,safe,0,0
"Cheri cheri da aalatha , innoru naal nerla vanthu oombiko",cheri cheri aalatha innoru naal nerla vanthu oombiko,Tanglish,whatsapp,safe,0,0
Elarumey athey maari opinion ah tha solraga ney,elarumey athey maari opinion ah tha solraga ney,English,whatsapp,safe,0,0
Terms,terms,English,instagram,safe,0,0
Reference lam venam da monthly 1k or 500 anupu,reference lam venam da monthly 1k 500 anupu,English,whatsapp,safe,0,0
Bro kastama irrukku bro,kastama irrukku,Tanglish,youtube,safe,0,0
நாம யாருக்கு என்ன கெடுதல் செஞ்ச,நாம யாருக்கு என்ன கெடுதல் செஞ்ச,Tamil,youtube,safe,0,0
Manasa thethikada machi election nambuluthu thaan 🇪🇸,manasa thethikada machi election nambuluthu thaan,English,whatsapp,safe,0,0
Nithish,nithish,English,whatsapp,safe,0,0
"Punda, nee msg panitu fast ah delete panita ana athukum replay panom la athu thanda peak of unemployment nu sonen",punda nee msg panitu fast ah delete panita ana athukum replay panom la athu thanda peak unemployment nu sonen,English,whatsapp,safe,0,0
Na ippo tha machi thooga poren,na ippo tha machi thooga poren,English,whatsapp,safe,0,0
Sudhagar the best teacher expression 😄😄😄,sudhagar best teacher expression,English,youtube,safe,0,0
Dei lavade phone edu da item kaara thaiyolo,lavade phone edu item kaara thaiyolo,Tanglish,whatsapp,safe,0,0
#manojcommited,manojcommited,English,whatsapp,safe,0,0
athu oru flop movie atha vechi ne matikatha 🤣,athu oru flop movie atha vechi ne matikatha,English,whatsapp,safe,0,0
_being.harish_,harish,English,instagram,safe,0,0
View all 9 replies,view replies,English,instagram,safe,0,0
Inthada thols uh,inthada thols uh,English,whatsapp,safe,0,0
Gbu full and full copy thaaa own ahh athula story ehh illa vitta adutha epstein ehh avaruthaan dii sollama poningaey athuku varaikum sandhosam,gbu full full copy thaaa ahh athula story ehh illa vitta adutha epstein ehh avaruthaan dii sollama poningaey athuku varaikum sandhosam,English,whatsapp,safe,0,0
Mee too bro,mee bro,English,youtube,safe,0,0
"I am watching in 2022,as well.",watching 2022 well,English,youtube,safe,0,0
Nee Vera animal kooda poi paduuu,nee vera animal kooda poi paduuu,Tanglish,whatsapp,hate_speech,2,2
Completed course la entha certificate naalum okay ahm,completed course la entha certificate naalum okay ahm,English,whatsapp,safe,0,0
"Ama da enaku aidmk dmk elam friends tha irukaga , ana inga pesurathu tvk aka vijay",ama enaku aidmk dmk elam friends tha irukaga ana inga pesurathu tvk aka vijay,Tanglish,whatsapp,safe,0,0
கேவலம் நெனைக்காதீங்க நம்ம அப்பா அம்மா ஒழுகமா வளத்து இருகாங்க பெருமை படுங்க சகோதரா 😢😂,கேவலம் நெனைக்காதீங்க நம்ம அப்பா அம்மா ஒழுகமா வளத்து இருகாங்க பெருமை படுங்க சகோதரா,Tamil,youtube,safe,0,0
Mingle agita happy poirum brother,mingle agita happy poirum brother,English,youtube,safe,0,0
Atha thanda solren,atha thanda solren,English,whatsapp,safe,0,0
2:08 classic👌..class ku oruthan epadi kandipa erupaan 😂😂..over reaction kuduthu escape aagirvaan 😂,08 classic class ku oruthan epadi kandipa erupaan reaction kuduthu escape aagirvaan,Tanglish,youtube,safe,0,0
Na sirikura unnaku enna bro,sirikura unnaku enna,Tanglish,whatsapp,safe,0,0
Enda punda 500 kodi enga 100 million dollars enga da,enda punda 500 kodi enga 100 million dollars enga,Tanglish,whatsapp,safe,0,0
Enna da ithu,enna ithu,Tanglish,whatsapp,safe,0,0
Athu tha mall tha pandra nu sollita machi 😂,athu tha mall tha pandra nu sollita machi,English,whatsapp,safe,0,0
Dont let them bark,dont let bark,English,whatsapp,safe,0,0
View all 4 replies,view replies,English,instagram,safe,0,0
அம்மா அப்பா அண்ணன் கொழுந்தியா பேரவை 😂 😂 அடேய்ய் 😂,அம்மா அப்பா அண்ணன் கொழுந்தியா பேரவை அடேய்ய்,Tamil,youtube,safe,0,0
@mickeldinesh2894 ok friends,mickeldinesh2894 ok friends,English,youtube,safe,0,0
Bro this is 2022,bro 2022,English,youtube,safe,0,0
Everyone are asked to submit the feedback from in the below form,everyone asked submit feedback form,English,whatsapp,safe,0,0
என்னால சில வீடியோவை பார்க்கும் போது சிரிப்பு அடக்கவே முடியல இந்த தறுதலை எல்லாம் எங்க பொறந்தது எதுக்கு பொறந்தது,என்னால சில வீடியோவை பார்க்கும் போது சிரிப்பு அடக்கவே முடியல இந்த தறுதலை எல்லாம் எங்க பொறந்தது எதுக்கு பொறந்தது,Tamil,youtube,safe,0,0
Bala Selected Doi,bala selected doi,English,whatsapp,safe,0,0
Now im realising.. why my parents strict at me in my small age time 😌💐,im realising parents strict small age time,English,youtube,safe,0,0
Dei hd clip leak aairukku da,hd clip leak aairukku,Tanglish,whatsapp,safe,0,0
Me too happened 🥺,happened,English,youtube,safe,0,0
Complete na certificate erukurathu thanae,complete na certificate erukurathu thanae,English,whatsapp,safe,0,0
"Nirumi punda , un pundai la thanda aids corona lam vanthuchuu. Chinsese kaaran kita ole vaangituu enga da thediya maari pesitu irukaa",nirumi punda un pundai thanda aids corona lam vanthuchuu chinsese kaaran kita ole vaangituu enga thediya maari pesitu irukaa,Tanglish,whatsapp,safe,0,0
"After watch the last video, I was thinking my life is wast 😂😂😂😂",watch last video thinking life wast,English,youtube,safe,0,0
Avlo tha,avlo tha,English,whatsapp,safe,0,0
shivraj pathi pesathinga da inga than irukan,shivraj pathi pesathinga inga irukan,Tanglish,whatsapp,safe,0,0
November 3 thott model,november thott model,English,whatsapp,safe,0,0
"நெடுஞ்சாலையில் டார்ச் விளக்கைப் பிடித்துக் கொண்டு லாரி ஓட்டுநர்களின் கண்களுக்கு நேராக டார்ச் விளக்கைக் காட்டி அவர்களை நிறுத்தி மயக்கி தங்கள் பிராத்தல் வீட்டிற்கு அழைத்துச் செல்லும் ஓரினச்சேர்க்கையாளர் தோல்ஸ் அவர்களுடன் ஒரு கடினமான குதவழி உடலுறவு கொள்கிறார், அவர்களுடன் ஒரு ஃபோர்ப்ளே செய்கிறார் வெறும் 2 ரூபாய் மட்டுமே","நெடுஞ்சாலையில் டார்ச் விளக்கைப் பிடித்துக் கொண்டு லாரி ஓட்டுநர்களின் கண்களுக்கு நேராக டார்ச் விளக்கைக் காட்டி அவர்களை நிறுத்தி மயக்கி தங்கள் பிராத்தல் வீட்டிற்கு அழைத்துச் செல்லும் ஓரினச்சேர்க்கையாளர் தோல்ஸ் அவர்களுடன் ஒரு கடினமான குதவழி உடலுறவு கொள்கிறார், அவர்களுடன் ஒரு ஃபோர்ப்ளே செய்கிறார் வெறும் 2 ரூபாய் மட்டுமே",Tamil,whatsapp,safe,0,0
@x_lonely_boy பணம் இருக்குனும் இல்லனா அழகா இருக்கணும் இரண்டுமே என்கிட்ட இல்ல,@x_lonely_boy பணம் இருக்குனும் இல்லனா அழகா இருக்கணும் இரண்டுமே என்கிட்ட இல்ல,Tamil,youtube,safe,0,0
@Rajrohith2005 you playing freefire,rajrohith2005 playing freefire,English,youtube,safe,0,0
Awesome bro 👍🏿,awesome bro,English,whatsapp,safe,0,0
Illa bro na 2022 la tha paatha,illa 2022 tha paatha,Tanglish,youtube,safe,0,0
2023 leyum watching than bro!!,2023 leyum watching bro,English,youtube,safe,0,0
machi antha aunty scence irrukala <This message was edited>,machi antha aunty scence irrukala message edited,English,whatsapp,safe,0,0
இந்த காலத்து 2 கிட்ஸ் இளைஞர்களை நினைத்து ரொம்ப வேதனைப்படுகிறேன் இந்த இளைஞர்கள் எல்லாம் என்னதான் ஆகப் போகிறார்கள் தெரியவில்லை,இந்த காலத்து 2 கிட்ஸ் இளைஞர்களை நினைத்து ரொம்ப வேதனைப்படுகிறேன் இந்த இளைஞர்கள் எல்லாம் என்னதான் ஆகப் போகிறார்கள் தெரியவில்லை,Tamil,youtube,safe,0,0
Now I am watching this video,watching video,English,youtube,safe,0,0
"Sema story. Frds நாட்டை ஆண்டுகொண்டிருந்த மன்னருக்குத் திடீரென ஒரு சந்தேகம் உதித்தது. உடனடியாக அமைச்சரை வரவழைத்தார். “நான் இந்த நாட்டை இவ்வளவு நன்றாகவும், புத்திசாலித்தனத்துடனும் ஆண்டு வருகிறேன், ஆனால் இந்த நாட்டிலும் முட்டாள்கள் இருப்பார்கள் அல்லவா?” “ஆம் மன்னா!” “அப்படியானால் அவர்களில் முதல் ஐந்து முட்டாள்கள் யார்?? அவர்களைத் தேடிக் கண்டுபிடித்துக் கூட்டிக் கொண்டு வருவது உம் பொறுப்பு” என்றார். அமைச்சருக்கு ஒன்றுமே புரியவில்லை, புத்திசாலியைக் கொண்டு வரச் சொன்னால் ஏதாவது போட்டி வைத்து வெற்றியாளரைக் கொண்டு வரலாம். முட்டாளைக் கொண்டு வரச் சொன்னால்?? என்ன செய்வது சொன்னது மன்னராயிற்றே, “சரி மன்னா” என்று ஒத்துக் கொண்டார். ஒரு மாதம் நாடு முழுவதும் பயணம் செய்து இரண்டுபேரை மட்டும் கூட்டிக்கொண்டு வந்தார். அதைப் பார்த்ததும் மன்னர், “அமைச்சரே உமக்குக் கணிதம் மறந்து விட்டதோ??” “இல்லை மன்னா! முதலில் நடந்ததை விளக்க அனுமதிக்க வேண்டும்!” என்றார் அமைச்சர். “தொடரும்” என்றார் மன்னர். “மன்னா! நான் நாடு முழுவதும் சுற்றும்போது, இவன் மாட்டு வண்டியின்மேல் அமர்ந்துகொண்டு தன் துணி மூட்டையைத் தலைமேல் வைத்து, பயணம் செய்து கொண்டிருந்தான், ஏன் அவ்வாறு செய்கிறாய்? எனக் கேட்டதற்கு என்னைச் சுமந்து செல்லும் மாடுகளுக்கு வலிக்கக்கூடாதல்லவா? அதற்குத்தான் என்றான் – இவன்தான் நம் நாட்டின் ஐந்தாவது மிகப் பெரிய முட்டாள்.”’ என்றார் அமைச்சர். “சரி அடுத்து” “இதோ இவன் தன் வீட்டுக் கூரைமேல் வளர்ந்த புல்லை மேய்க்க, எருமையைக் கூரைமேல் இழுத்துக் கொண்டிருந்தான், இவன்தான் நம் நாட்டின் நான்காவது மிகப் பெரிய முட்டாள்” “களிப்படைந்தோம் அமைச்சரே! களிப்படைந்தோம்! சரி, எங்கே அடுத்த முட்டாள்?” “அரசவையில் தீர்க்கப்பட வேண்டிய பிரச்சினைகள் எவ்வளவோ இருக்கும்போது, அதையெல்லாம் விட்டுவிட்டு முட்டாள்களைத் தேடி, கடந்த ஒரு மாதமாய் அலைந்துகொண்டிருந்த நான்தான் மூன்றாவது முட்டாள்.” மன்னருக்குச் சிரிப்பு தாங்கவில்லை, விழுந்து விழுந்து சிரித்தார். பின்னர் “அடுத்தது” என்றார். ””நாட்டில் எவ்வளவோ பிரச்சினைகள் இருக்கும்போது அதைக் கவனிக்காமல் முட்டாள்களைத் தேடிக் கொண்டிருக்கும் நீங்கள்தான் இரண்டாவது” என்றார் அமைச்சர். ஒரு நிமிடம் அரசவையே ஆடிவிட்டது. யாரும் எதுவும் பேசவில்லை. “உமது கருத்திலும் நியாயம் உள்ளது. நான் செய்ததும் தவறுதான்” என ஒத்துக் கொண்டார் மன்னர். “சரி எங்கே முதலாவது முட்டாள்?” அமைச்சர் சொன்னார்.”மன்னா! அலுவலகத்திலும், வீட்டிலும் எவ்வளவோ வேலைகள் இருந்தாலும் அதையெல்லாம் விட்டுவிட்டு social media thaan குடியென வாழ்ந்து இந்த மொக்கையான கதையை மிக சுவாரசியமாக வாசித்துக்கொன்டு நாட்டின் மிகப் பெரிய முட்டாள் யாரென்று தேடி படித்துகொண்டிருக்கிறாரே இவர்தான் அந்த முதல் முட்டாள்!” அடடா அடடா அடடடடடடடா கக்கக்க போ😀😀😀😀😀😀😀😛😛😛😛😛","Sema story. Frds நாட்டை ஆண்டுகொண்டிருந்த மன்னருக்குத் திடீரென ஒரு சந்தேகம் உதித்தது. உடனடியாக அமைச்சரை வரவழைத்தார். நான் இந்த நாட்டை இவ்வளவு நன்றாகவும், புத்திசாலித்தனத்துடனும் ஆண்டு வருகிறேன், ஆனால் இந்த நாட்டிலும் முட்டாள்கள் இருப்பார்கள் அல்லவா? ஆம் மன்னா! அப்படியானால் அவர்களில் முதல் ஐந்து முட்டாள்கள் யார்?? அவர்களைத் தேடிக் கண்டுபிடித்துக் கூட்டிக் கொண்டு வருவது உம் பொறுப்பு என்றார். அமைச்சருக்கு ஒன்றுமே புரியவில்லை, புத்திசாலியைக் கொண்டு வரச் சொன்னால் ஏதாவது போட்டி வைத்து வெற்றியாளரைக் கொண்டு வரலாம். முட்டாளைக் கொண்டு வரச் சொன்னால்?? என்ன செய்வது சொன்னது மன்னராயிற்றே, சரி மன்னா என்று ஒத்துக் கொண்டார். ஒரு மாதம் நாடு முழுவதும் பயணம் செய்து இரண்டுபேரை மட்டும் கூட்டிக்கொண்டு வந்தார். அதைப் பார்த்ததும் மன்னர், அமைச்சரே உமக்குக் கணிதம் மறந்து விட்டதோ?? இல்லை மன்னா! முதலில் நடந்ததை விளக்க அனுமதிக்க வேண்டும்! என்றார் அமைச்சர். தொடரும் என்றார் மன்னர். மன்னா! நான் நாடு முழுவதும் சுற்றும்போது, இவன் மாட்டு வண்டியின்மேல் அமர்ந்துகொண்டு தன் துணி மூட்டையைத் தலைமேல் வைத்து, பயணம் செய்து கொண்டிருந்தான், ஏன் அவ்வாறு செய்கிறாய்? எனக் கேட்டதற்கு என்னைச் சுமந்து செல்லும் மாடுகளுக்கு வலிக்கக்கூடாதல்லவா? அதற்குத்தான் என்றான் இவன்தான் நம் நாட்டின் ஐந்தாவது மிகப் பெரிய முட்டாள். என்றார் அமைச்சர். சரி அடுத்து இதோ இவன் தன் வீட்டுக் கூரைமேல் வளர்ந்த புல்லை மேய்க்க, எருமையைக் கூரைமேல் இழுத்துக் கொண்டிருந்தான், இவன்தான் நம் நாட்டின் நான்காவது மிகப் பெரிய முட்டாள் களிப்படைந்தோம் அமைச்சரே! களிப்படைந்தோம்! சரி, எங்கே அடுத்த முட்டாள்? அரசவையில் தீர்க்கப்பட வேண்டிய பிரச்சினைகள் எவ்வளவோ இருக்கும்போது, அதையெல்லாம் விட்டுவிட்டு முட்டாள்களைத் தேடி, கடந்த ஒரு மாதமாய் அலைந்துகொண்டிருந்த நான்தான் மூன்றாவது முட்டாள். மன்னருக்குச் சிரிப்பு தாங்கவில்லை, விழுந்து விழுந்து சிரித்தார். பின்னர் அடுத்தது என்றார். நாட்டில் எவ்வளவோ பிரச்சினைகள் இருக்கும்போது அதைக் கவனிக்காமல் முட்டாள்களைத் தேடிக் கொண்டிருக்கும் நீங்கள்தான் இரண்டாவது என்றார் அமைச்சர். ஒரு நிமிடம் அரசவையே ஆடிவிட்டது. யாரும் எதுவும் பேசவில்லை. உமது கருத்திலும் நியாயம் உள்ளது. நான் செய்ததும் தவறுதான் என ஒத்துக் கொண்டார் மன்னர். சரி எங்கே முதலாவது முட்டாள்? அமைச்சர் சொன்னார். மன்னா! அலுவலகத்திலும், வீட்டிலும் எவ்வளவோ வேலைகள் இருந்தாலும் அதையெல்லாம் விட்டுவிட்டு social media thaan குடியென வாழ்ந்து இந்த மொக்கையான கதையை மிக சுவாரசியமாக வாசித்துக்கொன்டு நாட்டின் மிகப் பெரிய முட்டாள் யாரென்று தேடி படித்துகொண்டிருக்கிறாரே இவர்தான் அந்த முதல் முட்டாள்! அடடா அடடா அடடடடடடடா கக்கக்க போ",Tamil,telegram,hate_speech,2,2
"தோல்ஸ் ஒரு லெஸ்பியன் குதிரைகளுடன் உடலுறவு கொள்ள விரும்புகிறார் அவர் எப்போதும் தனது புண்டையில் 2 முதல் 3 குதிரைகள் டிக் வேண்டும் என்று விரும்பினார் அவள் பரந்த திறந்த புண்டையை வைத்திருக்கிறாள் ஒரு 5 குதிரை கூட அதன் டிக் அவளது புண்டைக்குள் அனுப்ப முடியும் அது எவ்வளவு பெரியது குதிரை போன்ற விலங்குகளுடன் உடலுறவு கொள்ள அவர் எப்போதும் ஏங்குகிறார், யானை, பல்லிகள் அவள் கூட பல்லிகளின் சிறிய டிக் உறிஞ்சும்","தோல்ஸ் ஒரு லெஸ்பியன் குதிரைகளுடன் உடலுறவு கொள்ள விரும்புகிறார் அவர் எப்போதும் தனது புண்டையில் 2 முதல் 3 குதிரைகள் டிக் வேண்டும் என்று விரும்பினார் அவள் பரந்த திறந்த புண்டையை வைத்திருக்கிறாள் ஒரு 5 குதிரை கூட அதன் டிக் அவளது புண்டைக்குள் அனுப்ப முடியும் அது எவ்வளவு பெரியது குதிரை போன்ற விலங்குகளுடன் உடலுறவு கொள்ள அவர் எப்போதும் ஏங்குகிறார், யானை, பல்லிகள் அவள் கூட பல்லிகளின் சிறிய டிக் உறிஞ்சும்",Tamil,whatsapp,safe,0,0
Mathi send panni tholanjuran,mathi send panni tholanjuran,English,whatsapp,hate_speech,2,2
Even though they are behaving like that... It's not ok to show there face and portrait them with indecent words... They are childrens... As a society we are also the reason for their indiscipline behaviour... We should start it from our home... By teach our childrens....,even though behaving like ok show face portrait indecent words childrens society also reason indiscipline behaviour start home teach childrens,English,youtube,safe,0,0
Where you bought this pen😂😂 slang same like my physics sir. ..,bought pen slang like physics sir,English,youtube,safe,0,0
இப்படி பச்சப்பிள்ளையை வளந்துருக்கியே தல 😂,இப்படி பச்சப்பிள்ளையை வளந்துருக்கியே தல,Tamil,instagram,safe,0,0
Nee thaya editor uh🎉😂❤,nee thaya editor uh,English,youtube,safe,0,0
"Dei electric eel ah un pundai la vitukoo, shock ley iru da punda manaveyy",electric eel un pundai vitukoo shock ley iru punda manaveyy,Tanglish,whatsapp,safe,0,0
Bitch,bitch,English,whatsapp,hate_speech,2,2
Oru manidhanaaala yepudii ipdi animals kitta oolu vaanga mudiyum nu nirubichuta da kena punda,oru manidhanaaala yepudii ipdi animals kitta oolu vaanga mudiyum nirubichuta kena punda,Tanglish,whatsapp,safe,0,0
Evlo venum solu romba oombatha pouthum di munda … mudiyala da en suni ah romba kadikura,evlo venum solu romba oombatha pouthum munda mudiyala en suni romba kadikura,Tanglish,whatsapp,severe,3,3
நாய்க் காதல் ❤,நாய்க் காதல்,Tamil,youtube,safe,0,0
"@MohamedNabi-n1u bro 90kids is unamaya love irunthathu,,,true love generation only 90$",mohamednabi n1u 90kids unamaya love irunthathu true love generation 90,Tanglish,youtube,safe,0,0
nithish tha case poduvan nama mela,nithish tha case poduvan nama mela,English,whatsapp,safe,0,0
கவலை படாதிங்க ❤️,கவலை படாதிங்க,Tamil,youtube,safe,0,0
"Unaku rubber kunju kuda ila rubber pundaiya vachitu , thevadiya thanama road la suthitu iruka thane da , puluu kita poi oole vaangu",unaku rubber kunju kuda ila rubber pundaiya vachitu thevadiya thanama road suthitu iruka thane puluu kita poi oole vaangu,Tanglish,whatsapp,safe,0,0
Padiga da padiga da nuuuu solren ketigala daa,padiga padiga nuuuu solren ketigala daa,Tanglish,whatsapp,safe,0,0
No missed and improvement test,missed improvement test,English,whatsapp,safe,0,0
Friday any works irutha finish pananum like no due..,friday works irutha finish pananum like due,English,whatsapp,safe,0,0
Better than beast,better beast,English,whatsapp,hate_speech,2,2
என் கட்ட Mela,என் கட்ட Mela,Tamil,youtube,safe,0,0
#tnx 4 my childhood memories # nikkal kunthal # undertaker 7 uyir # hand cricket # Evan yennaya aduchano😘😘😘😘😉,tnx childhood memories nikkal kunthal undertaker uyir hand cricket evan yennaya aduchano,English,youtube,safe,0,0
Machi varumbothu download pannitu vada,machi varumbothu download pannitu vada,English,whatsapp,safe,0,0
Soriyar model youth 😂😂😂😂😂😂,soriyar model youth,English,youtube,safe,0,0
"ஒவ்வொருவரின் ஆண்குறியையும், விலங்குகளையும், தனது சொந்த ஆண்குறியையும் உறிஞ்சும் தோல்ஸ் என்று அழைத்த நபரின் முடிவு இதுதான், இந்த கதை விரைவில் தொடரும், மீண்டும் தோல்ஸ் அனைவரின் ஆண்குறியையும் உறிஞ்சத் தொடங்கும், எனவே பகுதி 2 தொடரும் வரை காத்திருங்கள்..... <This message was edited>","ஒவ்வொருவரின் ஆண்குறியையும், விலங்குகளையும், தனது சொந்த ஆண்குறியையும் உறிஞ்சும் தோல்ஸ் என்று அழைத்த நபரின் முடிவு இதுதான், இந்த கதை விரைவில் தொடரும், மீண்டும் தோல்ஸ் அனைவரின் ஆண்குறியையும் உறிஞ்சத் தொடங்கும், எனவே பகுதி 2 தொடரும் வரை காத்திருங்கள்..... <This message was edited>",Tamil,whatsapp,safe,0,0
பாவம் பா இந்த 90s kids எல்லாம் ரொம்ப மனசு வருத்தமா இருக்கு 😢 ஏன்னா நானும் 90சரி kid தான் 😢 இத எல்லாம் பாத்தா ஏன் மனசாட்சி ஏங்கிட்ட ஏன்டா ஒரு மொலம் கயிறு இருந்தா போய் தூங்கு ல தொங்கு டா ன்னு சொல்லுது இவங்க தான் நம் நாட்டின் எதிர்கால தூன்கள் ஒத்த சய்.... செருப்புகல்,பாவம் பா இந்த 90s kids எல்லாம் ரொம்ப மனசு வருத்தமா இருக்கு ஏன்னா நானும் 90சரி kid தான் இத எல்லாம் பாத்தா ஏன் மனசாட்சி ஏங்கிட்ட ஏன்டா ஒரு மொலம் கயிறு இருந்தா போய் தூங்கு ல தொங்கு டா ன்னு சொல்லுது இவங்க தான் நம் நாட்டின் எதிர்கால தூன்கள் ஒத்த சய்.... செருப்புகல்,Tamil,youtube,safe,0,0
இவளுகளுக்கு எல்லாம் ஆத்தா அப்பன் இருக்கானுங்களா இல்லையா?,இவளுகளுக்கு எல்லாம் ஆத்தா அப்பன் இருக்கானுங்களா இல்லையா?,Tamil,youtube,safe,0,0
Ne enna vena solliko ennaku enna poda,ne enna vena solliko ennaku enna poda,Tanglish,whatsapp,safe,0,0
The Odia,odia,English,youtube,safe,0,0
Paathiya onnoda experience eh sollura,paathiya onnoda experience eh sollura,English,whatsapp,safe,0,0
Neeye pussy munda,neeye pussy munda,English,whatsapp,severe,3,3
Aijajoo mudilla da saami But I am a SriLankan and I am 15 but Innai varaikkum enkidda Instagram/ TikTok ethuvume illa 😅😂 Aijajoo That Aikiri nanthini pathathume Ennoda reaction antha Aalu sirikkira maari tha irunthichu Bro 😂 Omg that poom poom madu kaaran 😂😂😂😂😂😂 and that Hoi Hoi Gay 😂,aijajoo mudilla saami srilankan 15 innai varaikkum enkidda instagram tiktok ethuvume illa aijajoo aikiri nanthini pathathume ennoda reaction antha aalu sirikkira maari tha irunthichu omg poom poom madu kaaran hoi hoi gay,Tanglish,youtube,safe,0,0
Today watching bro.. 2022 😅,today watching bro 2022,English,youtube,safe,0,0
ஓரளவிற்கு மேல்தான்,ஓரளவிற்கு மேல்தான்,Tamil,youtube,safe,0,0
I am committed my girl friend Is 10th school topper in previous year Mark vanthu 485🎉 And my school toppper vanthu Naanthan mark vanthu 459🎉,committed girl friend 10th school topper previous year mark vanthu 485 school toppper vanthu naanthan mark vanthu 459,Tanglish,youtube,safe,0,0
Nice funny video bro realy very nice 😂🤣👏,nice funny video bro realy nice,English,youtube,safe,0,0
Add members kudutha contact dhan varuthu,add members kudutha contact dhan varuthu,English,whatsapp,safe,0,0
நாடு நாசமா போகும்,நாடு நாசமா போகும்,Tamil,youtube,safe,0,0
"தொல்ஸ் என்பது பெண்ணியம் ஆர்வமுள்ள ஒருவராகும், அவர் பெண்களுடன் காமம் செய்ய விரும்புகிறார். @⁨Thols💫 Kuchi Naai⁩","தொல்ஸ் என்பது பெண்ணியம் ஆர்வமுள்ள ஒருவராகும், அவர் பெண்களுடன் காமம் செய்ய விரும்புகிறார். @ Thols Kuchi Naai",Tamil,whatsapp,hate_speech,2,2
Yes bro after a long time indha videos pakkuran but bore akkala semma acting both of them 🔥😎😍,yes bro long time indha videos pakkuran bore akkala semma acting,English,youtube,safe,0,0
500cr box office collection waiting,500cr box office collection waiting,English,whatsapp,safe,0,0
Dei evlo da fees uh ?,evlo fees uh,Tanglish,whatsapp,safe,0,0
அந்த கடைசி ஜோடி பேரென்ன கொஞ்சம் சொல்லுங்க,அந்த கடைசி ஜோடி பேரென்ன கொஞ்சம் சொல்லுங்க,Tamil,youtube,safe,0,0
Downloaded 96%,downloaded 96,English,whatsapp,safe,0,0
Na oru thondana answer sollra,na oru thondana answer sollra,English,whatsapp,safe,0,0
Pussy privilege,pussy privilege,English,whatsapp,safe,0,0
"வீட்டில் பிரிட்ஜ் இல்லாத நாட்களில் ஐஸ் வாட்டருக்காக ஏங்கி இருக்கிறேன்... இப்போது என் வீட்டிலும் ஏஸி, பிரிட்ஜ் இருக்கிறது. நம்ப மாட்டீர்கள்... வாங்கிய நாளிலிருந்து, இன்று வரை பிரிட்ஜில் வாட்டரை வைத்து குளிர்ச்சியாக்கி குடித்ததே இல்லை ... அங்குமிங்கும் பார்த்துப்பார்த்து, வீட்டில் வாங்கி வைத்த டைனிங் டேபிளில் இப்போதெல்லாம் உட்கார்ந்து சாப்பிடத் தோன்றுவதில்லை... அலுவலகம் மற்றும் வெளியிடங்களில் டேபிளில் அமர்ந்து சாப்பிட்டு அலுத்துப்போனவனுக்கு, வீட்டிலிருக்கும் போது தரையில் அமர்ந்து சாப்பிட்டால் மட்டுமே பரம திருப்தி.. சோஃபாவும் அப்படித்தான்.. பீட்ஸா, பர்கர்ன்னு என்றெல்லாம் விதவிதமான பேர்கள் சொல்லினாலும் கூட, என்ன இருந்தாலும் வாழை இலை சாப்பாட்டுக்கு இணையுண்டா' என்று கடைசியில் மனமாற்றம் அடைந்தவர்களில் நானும் ஒருவன்.. 8 GB RAM, Quardcore processor, 128 GB built-in memory என்று அனைத்துமே பார்த்து அதிக காசைப்போட்டு வாங்கிய மொபைல் போனில் வெறுமனே Facebook, WhatsAppல் மூழ்குவதை நினைத்து அவ்வப்போது சிரித்துக்கொள்வேன் ... ஆயிரம் பரிசோதனைகளைச் செய்து பார்த்த பிறகு வாங்கி வைத்தேன் ஒரு தொலைக்காட்சி பெட்டி.. ஆனால் இப்போதெல்லாம் நான் நாளொன்றுக்கு, இல்லை இல்லை .. வாரத்திற்கு ஒரு அரை மணிநேரம் டிவி பார்த்தாலே அது பெரிய விஷயம் .. கால மாற்றம் .... இப்போது கையிலேயே உலகத்தை காணும் வசதி இருக்கிறது .. அதற்காக ஒரு வருடத்திற்கு சந்தா கூட செலுத்தியாகி விட்டது... எல்லாம் இருந்தும், எதையும் சரிவர பயன்பாட்டுக்கு கொண்டு வருவதில்லை... பயன்படுத்துவதும் இல்லை ... வெத்து பந்தான்னு கூட சொல்லுவேன். அப்படித்தான் ஆகிப்போச்சி பொழப்பு ... அன்லிமிட்டட் சாப்பாட்டை வாங்கிவிட்டு அளவுச் சாப்பாடு சாப்பிடுபவனைப் போல அதை அளவாகத்தான் பயன்படுத்த முடிகிறது ... எல்லாவற்றையும் நினைத்துப்பார்த்தால்... எல்லாமே ஒரு மாயையாக தோன்றுகிறது ... இது ஒரு Duplicate வாழ்க்கை என்று நன்றாகவே உணர முடிகிறது ... வீட்டை மிதித்தவுடன் களைப்பில் 'சரி கொஞ்ச நேரம் கண்ணயரலாம்' என்ற நினைப்பில், தினசரி எனக்காகக் காத்திருக்கும் தலையனையைத்தான் கண்கள் தேடுகிறது ... இப்படியாக பல சுய பரிசோதனைகளின் வாயிலாக சில விஷயங்கள் உரைத்தன ... உணர்த்தவும் செய்தது .. இப்போது பண வரவு, சகல வசதிகளோடு இருந்தாலும், வாழ ஆசைப்படுவது என்னவோ நமது பழைய மனதுக்குப்பிடித்த நெருக்கமான வாழ்வைத்தான் ...! ஆயிரம் இருந்தும், வசதிகள் இருந்தும்.... நோ பீஸ் ஆப் மைண்ட் ... இதை படிச்சவங்களுக்கு புரியுதோ, புரியலையோ.. ஆனா அனுபவிச்சங்க இதை கண்டிப்பா உணருவாங்க ...!","வீட்டில் பிரிட்ஜ் இல்லாத நாட்களில் ஐஸ் வாட்டருக்காக ஏங்கி இருக்கிறேன்... இப்போது என் வீட்டிலும் ஏஸி, பிரிட்ஜ் இருக்கிறது. நம்ப மாட்டீர்கள்... வாங்கிய நாளிலிருந்து, இன்று வரை பிரிட்ஜில் வாட்டரை வைத்து குளிர்ச்சியாக்கி குடித்ததே இல்லை ... அங்குமிங்கும் பார்த்துப்பார்த்து, வீட்டில் வாங்கி வைத்த டைனிங் டேபிளில் இப்போதெல்லாம் உட்கார்ந்து சாப்பிடத் தோன்றுவதில்லை... அலுவலகம் மற்றும் வெளியிடங்களில் டேபிளில் அமர்ந்து சாப்பிட்டு அலுத்துப்போனவனுக்கு, வீட்டிலிருக்கும் போது தரையில் அமர்ந்து சாப்பிட்டால் மட்டுமே பரம திருப்தி.. சோஃபாவும் அப்படித்தான்.. பீட்ஸா, பர்கர்ன்னு என்றெல்லாம் விதவிதமான பேர்கள் சொல்லினாலும் கூட, என்ன இருந்தாலும் வாழை இலை சாப்பாட்டுக்கு இணையுண்டா' என்று கடைசியில் மனமாற்றம் அடைந்தவர்களில் நானும் ஒருவன்.. 8 GB RAM, Quardcore processor, 128 GB built-in memory என்று அனைத்துமே பார்த்து அதிக காசைப்போட்டு வாங்கிய மொபைல் போனில் வெறுமனே Facebook, WhatsAppல் மூழ்குவதை நினைத்து அவ்வப்போது சிரித்துக்கொள்வேன் ... ஆயிரம் பரிசோதனைகளைச் செய்து பார்த்த பிறகு வாங்கி வைத்தேன் ஒரு தொலைக்காட்சி பெட்டி.. ஆனால் இப்போதெல்லாம் நான் நாளொன்றுக்கு, இல்லை இல்லை .. வாரத்திற்கு ஒரு அரை மணிநேரம் டிவி பார்த்தாலே அது பெரிய விஷயம் .. கால மாற்றம் .... இப்போது கையிலேயே உலகத்தை காணும் வசதி இருக்கிறது .. அதற்காக ஒரு வருடத்திற்கு சந்தா கூட செலுத்தியாகி விட்டது... எல்லாம் இருந்தும், எதையும் சரிவர பயன்பாட்டுக்கு கொண்டு வருவதில்லை... பயன்படுத்துவதும் இல்லை ... வெத்து பந்தான்னு கூட சொல்லுவேன். அப்படித்தான் ஆகிப்போச்சி பொழப்பு ... அன்லிமிட்டட் சாப்பாட்டை வாங்கிவிட்டு அளவுச் சாப்பாடு சாப்பிடுபவனைப் போல அதை அளவாகத்தான் பயன்படுத்த முடிகிறது ... எல்லாவற்றையும் நினைத்துப்பார்த்தால்... எல்லாமே ஒரு மாயையாக தோன்றுகிறது ... இது ஒரு Duplicate வாழ்க்கை என்று நன்றாகவே உணர முடிகிறது ... வீட்டை மிதித்தவுடன் களைப்பில் 'சரி கொஞ்ச நேரம் கண்ணயரலாம்' என்ற நினைப்பில், தினசரி எனக்காகக் காத்திருக்கும் தலையனையைத்தான் கண்கள் தேடுகிறது ... இப்படியாக பல சுய பரிசோதனைகளின் வாயிலாக சில விஷயங்கள் உரைத்தன ... உணர்த்தவும் செய்தது .. இப்போது பண வரவு, சகல வசதிகளோடு இருந்தாலும், வாழ ஆசைப்படுவது என்னவோ நமது பழைய மனதுக்குப்பிடித்த நெருக்கமான வாழ்வைத்தான் ...! ஆயிரம் இருந்தும், வசதிகள் இருந்தும்.... நோ பீஸ் ஆப் மைண்ட் ... இதை படிச்சவங்களுக்கு புரியுதோ, புரியலையோ.. ஆனா அனுபவிச்சங்க இதை கண்டிப்பா உணருவாங்க ...!",Tamil,telegram,safe,0,0
Yan side yaarum illa,yan side yaarum illa,Tanglish,whatsapp,safe,0,0
Enna yen camera laa unna theriyuma enna,enna yen camera laa unna theriyuma enna,Tanglish,whatsapp,safe,0,0
Collection record sollra,collection record sollra,English,whatsapp,safe,0,0
Lcu illa da,lcu illa,Tanglish,whatsapp,safe,0,0
Minors,minors,English,whatsapp,safe,0,0
Deii vera yosichu sollu naa solradhaiyey solra paaru,deii vera yosichu sollu naa solradhaiyey solra paaru,Tanglish,whatsapp,safe,0,0
Anna cm anathum AK ku remote car irukku,cm anathum ak ku remote car irukku,Tanglish,whatsapp,safe,0,0
All clear,clear,English,whatsapp,safe,0,0
கௌர்மென்ட் ஸ்கூலையும் நல்லா படிக்கிறவங் நிறைய பேர் இருக்காங்க,கௌர்மென்ட் ஸ்கூலையும் நல்லா படிக்கிறவங் நிறைய பேர் இருக்காங்க,Tamil,youtube,safe,0,0
Yanna da onume Puriyala,yanna onume puriyala,Tanglish,whatsapp,safe,0,0
I am 2022. Se.. watching...,2022 se watching,English,youtube,safe,0,0
Justin Ronaldo yo andha aalukku enna getup pottalum semmaya irukku ya,justin ronaldo yo andha aalukku enna getup pottalum semmaya irukku ya,Tanglish,youtube,safe,0,0
ப்ரோ ரோல் வீடியோ நல்லா இருக்கு ஆனா அந்த இடையில சிரிக்கிறான் பாத்தியா ஒருத்தன் அந்த சீனை எடுத்துடு பத்திக்கிட்டு வருது,ப்ரோ ரோல் வீடியோ நல்லா இருக்கு ஆனா அந்த இடையில சிரிக்கிறான் பாத்தியா ஒருத்தன் அந்த சீனை எடுத்துடு பத்திக்கிட்டு வருது,Tamil,youtube,safe,0,0
ஆடளும் பாடலும் நீகழ்ச்சி,ஆடளும் பாடலும் நீகழ்ச்சி,Tamil,whatsapp,safe,0,0
08:14 semma bro nice penyaa where you boughte,08 14 semma bro nice penyaa boughte,English,youtube,safe,0,0
Enaku vote eh illa da,enaku vote illa,Tanglish,whatsapp,safe,0,0
Dei mothama leak panranunga da,mothama leak panranunga,Tanglish,whatsapp,safe,0,0
Nee dhaan china la irukura vavaal pool yellaathaiyum sappitu Inga vandhu yellaa poolaiyum sappii corona parappi vittuta da punda,nee dhaan china irukura vavaal pool yellaathaiyum sappitu inga vandhu yellaa poolaiyum sappii corona parappi vittuta punda,Tanglish,whatsapp,safe,0,0
_sxnthx_22,sxnthx 22,English,instagram,safe,0,0
அதே நிலமைதான் சகோதரா எனக்கும் வயது 32 ஆகின்றது,அதே நிலமைதான் சகோதரா எனக்கும் வயது 32 ஆகின்றது,Tamil,youtube,safe,0,0
Holy shit😂,holy shit,English,whatsapp,safe,0,0
Hostel la outpass tharala,hostel la outpass tharala,English,whatsapp,safe,0,0
Club la poi item kuda pesitu iruden da,club poi item kuda pesitu iruden,Tanglish,whatsapp,safe,0,0
"Ituga amma appa la irukangala, ila konnutingala therila",ituga irukangala ila konnutingala therila,Tanglish,youtube,safe,0,0
Nee over hyped ah poirukka twitter la reviews lam 4/4.5 irukku da,nee hyped poirukka twitter reviews lam irukku,Tanglish,whatsapp,mild_toxic,1,1
Enga annanukku onuna enga annan yae adipom da .!😂🔥🙌,enga annanukku onuna enga annan yae adipom,Tanglish,instagram,safe,0,0
Pg bus travels kea 12 acchuda,pg bus travels kea 12 acchuda,English,whatsapp,safe,0,0
Machiii vijay fans ajith fans lam aduthu da first ipdi leak aagirukurathu thappu nu ungalukeyy therium la da so itha support pandratha vidunga da yaarukkum share pannadhinga😊 <This message was edited>,machiii vijay fans ajith fans lam aduthu first ipdi leak aagirukurathu thappu ungalukeyy therium itha support pandratha vidunga yaarukkum share pannadhinga message edited,Tanglish,whatsapp,safe,0,0
Today's shows this YouTube recommended,today shows youtube recommended,English,youtube,safe,0,0
Ena da profile athu😂😂,ena da profile athu,English,whatsapp,safe,0,0
அம்மா அப்பா அண்ணன் கொளுந்தியா பேரவை! 😂,அம்மா அப்பா அண்ணன் கொளுந்தியா பேரவை!,Tamil,youtube,safe,0,0
Athuku nama office la poi pesanummm,athuku nama office la poi pesanummm,English,whatsapp,safe,0,0
Vera yenna vela 😂,vera yenna vela,Tanglish,whatsapp,safe,0,0
Guys Nithish going reach his mutu limit for today,guys nithish going reach mutu limit today,English,whatsapp,safe,0,0
0:16 is litt,16 litt,English,youtube,safe,0,0
@⁨Clg Ahamed Meeran Dhanish⁩ ennanga,clg ahamed meeran dhanish ennanga,English,whatsapp,safe,0,0
Nee sonthama yosika time tharenn,nee sonthama yosika time tharenn,English,whatsapp,safe,0,0
அனைவருக்கும் இனிய புத்தாண்டு நல்வாழ்த்துக்கள்🥳🥳,அனைவருக்கும் இனிய புத்தாண்டு நல்வாழ்த்துக்கள்,Tamil,telegram,safe,0,0
Enne um inde 90k kku seidu kolluggada nanbarggrlla podusa tan pa phone eduttan vandu patta ippediy ellam irukka ippo tan purindu 2k lla irundallum valluradu 90k pole tan😒😒😒,enne um inde 90k kku seidu kolluggada nanbarggrlla podusa tan phone eduttan vandu patta ippediy ellam irukka ippo tan purindu 2k lla irundallum valluradu 90k pole tan,Tanglish,youtube,safe,0,0
I am seeing this in 2026,seeing 2026,English,youtube,safe,0,0
"100 பேர் தங்கும் விடுதியில் தினமும் காலை டிபனில் *உப்புமா* பரிமாறப்பட்டது. *அந்த 100 பேரில், 80 பேர் தினமும் உப்புமாவுக்குப் பதிலாக வேறு டிபன் செய்ய வேண்டும்* என்று புகார் கூறி வந்தனர். ஆனால், மற்ற 20 பேரும் உப்புமா சாப்பிட்டு மகிழ்ந்தனர். *மீதமுள்ள 80 பேர் உப்புமாவைத் தவிர வேறு ஏதாவது சமைக்க விரும்பினர்.* இந்த குழப்பமான சூழ்நிலையில் சில முடிவு எடுக்க வேண்டியிருப்பதால், விடுதி வார்டனால், *வாக்களிக்கும் முறை முன்மொழியப்பட்டது.* இதன்படி *எந்த டிபன் அதிக வாக்குகளைப் பெறுகிறதோ அந்த டிபன் அன்றைய தினம் சமைக்கப்படும்.* *உப்புமா விரும்பும் 20 மாணவர்கள் துல்லியமாக வாக்களித்தனர்*. *மீதமுள்ள 80 பேர்* கீழ்க்கண்டவாறு வாக்களித்தனர். 18 பேர் மசாலா தோசை 16 பேர் ஆலு பரோட்டா & தாஹி 14 பேர் ரொட்டி & சப்ஜி 12 பேர் ரொட்டி & வெண்ணெய் 10 பேர் நூடுல்ஸ் 10 பேர் இட்லி சாம்பார் எனவே, *வாக்களிப்பு முடிவுகளின்படி, உப்புமா அதிக எண்ணிக்கையிலான வாக்குகளைப் பெற்றது*, அதனால், *ஒவ்வொரு நாளும் அதுவே வழங்கப்படுகிறது.* பாடம்: *மக்கள் தொகையில் 80% சுயநலவாதிகளாகவும், பிளவுபட்டவர்களாகவும், சிதறடிக்கப்பட்டவர்களாகவும் இருக்கும் வரை*, *20% பேர் நம்மை ஆளுவார்கள். இது ஒரு மௌன செய்தி. #படித்ததில்_பிடித்தது பிரதி// இது அரசியல் பதிவு இல்லை என்று சொன்னா நம்பவா போறியள்🤪","100 பேர் தங்கும் விடுதியில் தினமும் காலை டிபனில் *உப்புமா* பரிமாறப்பட்டது. *அந்த 100 பேரில், 80 பேர் தினமும் உப்புமாவுக்குப் பதிலாக வேறு டிபன் செய்ய வேண்டும்* என்று புகார் கூறி வந்தனர். ஆனால், மற்ற 20 பேரும் உப்புமா சாப்பிட்டு மகிழ்ந்தனர். *மீதமுள்ள 80 பேர் உப்புமாவைத் தவிர வேறு ஏதாவது சமைக்க விரும்பினர்.* இந்த குழப்பமான சூழ்நிலையில் சில முடிவு எடுக்க வேண்டியிருப்பதால், விடுதி வார்டனால், *வாக்களிக்கும் முறை முன்மொழியப்பட்டது.* இதன்படி *எந்த டிபன் அதிக வாக்குகளைப் பெறுகிறதோ அந்த டிபன் அன்றைய தினம் சமைக்கப்படும்.* *உப்புமா விரும்பும் 20 மாணவர்கள் துல்லியமாக வாக்களித்தனர்*. *மீதமுள்ள 80 பேர்* கீழ்க்கண்டவாறு வாக்களித்தனர். 18 பேர் மசாலா தோசை 16 பேர் ஆலு பரோட்டா & தாஹி 14 பேர் ரொட்டி & சப்ஜி 12 பேர் ரொட்டி & வெண்ணெய் 10 பேர் நூடுல்ஸ் 10 பேர் இட்லி சாம்பார் எனவே, *வாக்களிப்பு முடிவுகளின்படி, உப்புமா அதிக எண்ணிக்கையிலான வாக்குகளைப் பெற்றது*, அதனால், *ஒவ்வொரு நாளும் அதுவே வழங்கப்படுகிறது.* பாடம்: *மக்கள் தொகையில் 80% சுயநலவாதிகளாகவும், பிளவுபட்டவர்களாகவும், சிதறடிக்கப்பட்டவர்களாகவும் இருக்கும் வரை*, *20% பேர் நம்மை ஆளுவார்கள். இது ஒரு மௌன செய்தி. #படித்ததில்_பிடித்தது பிரதி// இது அரசியல் பதிவு இல்லை என்று சொன்னா நம்பவா போறியள்",Tamil,telegram,safe,0,0
வாவ்,வாவ்,Tamil,whatsapp,safe,0,0
Thevidiya bala oomba kuda laaki illa da nee thondi ketha,thevidiya bala oomba kuda laaki illa nee thondi ketha,Tanglish,whatsapp,safe,0,0
Bro enakku 40 bro achu 'anum single than,enakku 40 achu anum single,Tanglish,youtube,safe,0,0
"அவர் தனது தொழிலை இலவசமாகவும், அதை சேவையாகவும் செய்து வருகிறார், மேலும் LGBTQ தலைவரிடமிருந்து விருதைப் பெறுகிறார்.","அவர் தனது தொழிலை இலவசமாகவும், அதை சேவையாகவும் செய்து வருகிறார், மேலும் LGBTQ தலைவரிடமிருந்து விருதைப் பெறுகிறார்.",Tamil,whatsapp,safe,0,0
Vijay tittle card>>> AK whole movie's,vijay tittle card ak whole movie,English,whatsapp,safe,0,0
Otha,otha,English,whatsapp,safe,0,0
8:08 யூடியூப் மூலமாக அவன் மீது போக்ஸோ குற்றச்சாட்டு சாடலாமா?,8:08 யூடியூப் மூலமாக அவன் மீது போக்ஸோ குற்றச்சாட்டு சாடலாமா?,Tamil,youtube,safe,0,0
இதுவும் கடந்து போகும் bro ❤❤❤😂,இதுவும் கடந்து போகும் bro,Tamil,youtube,safe,0,0
Congratulations Government School Students And Teachers 🎉😂,congratulations government school students teachers,English,youtube,safe,0,0
Naney allergic tha dept ku,naney allergic tha dept ku,English,whatsapp,safe,0,0
"காத்திருக்கும் நேரத்தில், ஜெஃபின் என் குண்டியை வேகமாக உறிஞ்சப் போகிறான்.","காத்திருக்கும் நேரத்தில், ஜெஃபின் என் குண்டியை வேகமாக உறிஞ்சப் போகிறான்.",Tamil,whatsapp,safe,0,0
Vera level 😂😅😊,vera level,Tanglish,youtube,safe,0,0
Maranthutan avanga antha ooru majority caste aama kelvipatten,maranthutan avanga antha ooru majority caste aama kelvipatten,Tanglish,whatsapp,safe,0,0
3 time watching,time watching,English,youtube,safe,0,0
Nee thane top tier item anga,nee thane top tier item anga,English,whatsapp,safe,0,0
Iyoo venama ma romba seripu seripu pa varuthu enna laa mudilaa pa appram romba sirichaa....😂😂😂... vitla adivanguvaa😂😂,iyoo venama romba seripu seripu varuthu enna laa mudilaa appram romba sirichaa vitla adivanguvaa,Tanglish,youtube,safe,0,0
You will arrest bye,arrest bye,English,whatsapp,safe,0,0
2023/10th month,2023 10th month,English,youtube,safe,0,0
எனக்கு நடந்து இருக்கு,எனக்கு நடந்து இருக்கு,Tamil,youtube,safe,0,0
Nalla than da eruku,nalla eruku,Tanglish,whatsapp,safe,0,0
Ila da yaaro vanguna maari nabagam...aana yaarunu therila,ila yaaro vanguna maari nabagam aana yaarunu therila,Tanglish,whatsapp,safe,0,0
அந்த வீடியோவில் வர்ற all comments வேற லெவல் போங்க🤣🤣🤣🤣🤣🤣,அந்த வீடியோவில் வர்ற all comments வேற லெவல் போங்க,Tamil,youtube,safe,0,0
அப்போ எவளும் படிக்க போல.. 🤔🌍🫀,அப்போ எவளும் படிக்க போல..,Tamil,youtube,safe,0,0
View all 3 replies,view replies,English,instagram,safe,0,0
