text,source,label,severity,language
2021 la யார் எல்லாம் பாக்கிறீங்க,youtube,,,Tamil
Sudhakar Oda expression tha vera level 🤣🤣🤣,youtube,,,Tanglish
3:11 Vera level 😂😂🔥🔥,youtube,,,Tanglish
Sudhagar the best teacher expression 😄😄😄,youtube,,,English
Sudhakar as school teacher 👍👏👏super!!,youtube,,,English
"யப்பா சாமி டேய்.... முடியல... சிரிச்சு சிரிச்சு வயிறு வலிக்குது.. 😂😂😂 பிரமாதம். எனக்கு ரொம்ப பிடிச்சது ""எவென் என்னைய அடிச்சானோ...""",youtube,,,Tamil
My only stress buster is gopi sudhaakar ' shows...,youtube,,,English
3:37 +2mark instead -2mark true fact bro,youtube,,,English
Me July 2025,youtube,,,English
Me from Malaysia,youtube,,,English
நானும் இப்ப தான் பார்த்தேன்,youtube,,,Tamil
Anytime u watch 100% laughter guarantee,youtube,,,English
Watching 2025 😂,youtube,,,English
Me also 😂😂,youtube,,,English
ஆமாஆமா,youtube,,,Tamil
தீபா நடிப்பு சூப்பர்,youtube,,,Tamil
Justin Ronaldo correctly said,youtube,,,English
Yes bro after a long time indha videos pakkuran but bore akkala semma acting both of them 🔥😎😍,youtube,,,English
Justin Ronaldo yo andha aalukku enna getup pottalum semmaya irukku ya,youtube,,,Tanglish
@isthisnvn aama bro Correct,youtube,,,Tanglish
Yes bro crct thaan.,youtube,,,English
"Tamilisai, hraha, nithi,deepa எல்லா கெட்டப்பும் செட் ஆவுதே எப்படிப்பா...",youtube,,,Tamil
@ammaponnu390 today watching,youtube,,,English
Vera level bro,youtube,,,Tanglish
I am always watching 👀,youtube,,,English
Today watching bro,youtube,,,English
Today watching,youtube,,,English
2022 now watching,youtube,,,English
Seri ippo enna panna solra,youtube,,,Tanglish
3 time watching,youtube,,,English
Today's shows this YouTube recommended,youtube,,,English
@Rajrohith2005 you playing freefire,youtube,,,English
I watched in 2017,youtube,,,English
Me to,youtube,,,English
Now I am watching this video,youtube,,,English
Boomer uncle,youtube,,,English
@soultube7199 hi bro nanum ipa than pathen,youtube,,,English
"I am watching in 2022,as well.",youtube,,,English
Yaar patha onnaku enna,youtube,,,Tanglish
It's 2022,youtube,,,English
Watching in 2023,youtube,,,English
Watching in 2022,youtube,,,English
Bro this is 2022,youtube,,,English
I am in 2022,youtube,,,English
I am 2022. Se.. watching...,youtube,,,English
Today i watching,youtube,,,English
@mickeldinesh2894 ok friends,youtube,,,English
Illa bro na 2022 la tha paatha,youtube,,,Tanglish
Now 2022. 5 time I'm seeing this,youtube,,,English
Today watching bro.. 2022 😅,youtube,,,English
Bro iam today watching👀,youtube,,,English
@_attitude_only_ 🤣🤣,youtube,,,English
Bro na 2022 la pakkuren bro,youtube,,,Tanglish
Naan 2022-ல இருந்து வரன் comment பண்ணுன இந்த 2021 நாய் செத்துப்போயிருச்சு 🥳😂,youtube,,,Tamil
Watching in22,youtube,,,English
2023 who?,youtube,,,English
2021 illa anna 2023 la pakkura,youtube,,,Tanglish
Watching from 2060 bro 🥸🔥🤣🤣🤣🤣😂,youtube,,,English
யாரெல்லாம் 2023 பார்க்கிறோம்,youtube,,,Tamil
திராவிட தேசத்தின் முக்ய மந்த்ரி இஸ்டாலின் சின்னமேளமு காரூ ஜிண்டாபாட் ஜிண்டாபாட்,youtube,,,Tamil
"டாஸ்மாக் கரன்ட் கட் காரன் கம்பி எண்ணுவது தான் கட்சிகளுக்கும், கூட்டணிகளுக்கும், நாட்டு மக்களுக்கும் நல்லது...",youtube,,,Tamil
2023/10th month,youtube,,,English
2023 leyum watching than bro!!,youtube,,,English
23 da dei 😂,youtube,,,Tanglish
Just 3 years later,youtube,,,English
Bro this is 2024 time is going faster😢😢😢,youtube,,,English
Oh shit I am watching on Dec 2024,youtube,,,English
Not only teacher every character,youtube,,,English
I'm watching in 2021 Feb 1,youtube,,,English
Is true bro nice my favourite shows,youtube,,,English
Only strasssa,youtube,,,English
அம்மா அப்பா அண்ணன் கொழுந்தியா பேரவை 😂 😂 அடேய்ய் 😂,youtube,,,Tamil
என்னா எதுக்கு அடிச்சிங்க.இருடி எங்க அப்பாவ கூட்டிட்டு வரன்.😃😃😄😄😆😆😅😅😃😃,youtube,,,Tamil
5:41...enna 7 uyir 7 mayir uh😂😂😂🤣🤣🤣vera level comedy.... ultimate,youtube,,,Tanglish
3:30 exactly my school teachere are same like him,youtube,,,English
#tnx 4 my childhood memories # nikkal kunthal # undertaker 7 uyir # hand cricket # Evan yennaya aduchano😘😘😘😘😉,youtube,,,English
என் வாழ்க்கையில் நடந்தது போலவே இருக்கு 😂😁😁😂😂,youtube,,,Tamil
Means what,youtube,,,English
நானும் த ப்ரோ🤣🤣🤣 triple h Undertaker m anna thambi 🤣🤣🤣🤣,youtube,,,English
Me also bro,youtube,,,English
2:08 classic👌..class ku oruthan epadi kandipa erupaan 😂😂..over reaction kuduthu escape aagirvaan 😂,youtube,,,Tanglish
dei echakala ... 😂andha Amma sonnatha Vida ...ninga sollumbothu... ultimate bro 😂😂😂😂,youtube,,,Tanglish
அம்மா அப்பா அண்ணன் கொளுந்தியா பேரவை! 😂,youtube,,,Tamil
"வீடியோ முடிஞ்சதும், Bloopers ம் கடைசில போடுங்க நண்பா... அதான் Full enjoyment👌",youtube,,,Tamil
2:39 Inniku ongaluku onnu tharaporen! Athu enna?.... ( WoW Semma performance ) :),youtube,,,English
2024 la யாரெல்லாம் பாக்குறீங்க,youtube,,,Tamil
The best part is from 0:00 to 11:19..Hit like if you agree..,youtube,,,English
"You Tube Channel Super Star Gopi Sudhakar ஞாபகம் வருதே nikkal Kundhal, Prayer மயக்கம், எவன் என்ன அடிச்சானோ, sir பேனா வாங்கறது, 8 th period PT, பேசினால் பெயர் எழுதுவது test paper, correction, அடி வாங்குவது 👏👌😢💓💟🏫📚📝",youtube,,,Tamil
5:38 அப்டியே ரெண்டு லார்ரிய சுண்டு விரல்ல இப்படி தூக்கிட்டு வந்தான் டா 😂😂,youtube,,,Tamil
08:14 semma bro nice penyaa where you boughte,youtube,,,English
Sudhakar perfectly suited for teacher role in this video 😄😄😄......,youtube,,,English
Mr.Incredible Channel screen play Mr. just for fun,youtube,,,English
Rasmidha S what's ah brillance,youtube,,,English
Gopi 's acting vera level..,youtube,,,Tanglish
இன்ஜினியரிங் காலேஜ் பாரிதாபங்கள் மாதிரி அங்க படிக்கற மாணவர்கள் பரிதாபங்கள் போடுங்க.....தாங்க முடியல....,youtube,,,Tamil
It's 2019 October still I'm watching,youtube,,,English
0:16 is litt,youtube,,,English
Where you bought this pen😂😂 slang same like my physics sir. ..,youtube,,,English
😂😂I am waiting in 2020,youtube,,,English
எனக்கு நடந்து இருக்கு,youtube,,,Tamil
Me too happened 🥺,youtube,,,English
"Gopi Miratitiga Ponga, Highlight Ah Antha 2mark Potutu Vera 2u Mark Ah Korachathutha, Enakum Ithulam Nadanthuruku broooo😢😢😢",youtube,,,Tanglish
Remembering School days.. Undertakerku 7 uyir and odd or even handcricket !!!,youtube,,,English
6:03 😂😂 குச்சிய நீற்ற கு கு கு கு........!!!!,youtube,,,Tamil
ரெம்ப நாள் கழிச்சு கண்ணீர் வர வர சிரிச்சே,youtube,,,Tamil
Sudhakar is looking like my school physics teacher 🤣🤣😅,youtube,,,English
Who else want Gopi and Sudhakar to be the next pair like Goundamani Senthil in Tamizh Cinema !!!!!,youtube,,,English
6:16 The expression the guy behind Gopi gives is exactly how we reacted :D,youtube,,,English
5:42 vera level🤣🤣🤣,youtube,,,Tanglish
வெகுநாள் கழிச்சு வயிறு குலுங்க சிரிச்சேன் அண்ணா! ரெண்டு பேருமே செம்ம!,youtube,,,Tamil
Not Better Parithabangal Than Engineering Parithabangal Till Now.......😍😍😍😍,youtube,,,English
3:00 see this 😂😂😂,youtube,,,English
Naanum tha,youtube,,,English
Who watch 2k19😁😁😁,youtube,,,English
I am seeing this in 2026,youtube,,,English
Can't control My laughing...hats off u both,youtube,,,English
Thumbnail Gopi vera level 😂😂😂😍,youtube,,,Tanglish
Semma voice....that powder make up....echchakala dialogue....Sudhakar innocent expressions😍just love themmmm,youtube,,,English
Pen moment yenaku nadanthiruku 😂😂😂vera level,youtube,,,Tanglish
only for 90s kids,youtube,,,English
"35 வயசு ஆச்சு இன்னும் தனியா தான் சுத்திட்டு இருக்கிறேன், என்ன நெனச்சி எனக்கே கேவலமா இருக்கு",youtube,,,Tamil
Now im realising.. why my parents strict at me in my small age time 😌💐,youtube,,,English
இப்பலா இந்த மாதிரி சின்ன பிள்ளைங்கள பார்த்தாலே பயமா இருக்கு,youtube,,,Tamil
As a teacher I am very scared of this kind of students,youtube,,,English
அரசு பள்ளிகளில் கடின உழைப்பால் படிக்கும் பிள்ளைகளும் இருக்கு... உங்களுக்கு அதெல்லாம் கண்ணுக்கு தெரியாது....,youtube,,,Tamil
இவளுகளுக்கு எல்லாம் ஆத்தா அப்பன் இருக்கானுங்களா இல்லையா?,youtube,,,Tamil
"Starting punch "" நாய்க்காதல்"" 200% உண்மை... நல்லபடியா படிச்சி வாழ்க்கையில முன்னேறனும் னு எண்ணத்தோட எதுங்க படிக்க போகுதுங்க 🤦‍♂️",youtube,,,Tamil
வாழ்க்கைல எப்படி இருக்கணும்னு யாருக்குமே தெரியல😂,youtube,,,Tamil
ஒத்த ரோசாக்களா ( பிள்ளைகளைப் பெற்றதாய் தந்தையர்கள்) புள்ளைங்க ரொம்ப அற்புதமா வளத்து இருக்கீங்க😂😂😂😂😂😂😂😂😂😂😂,youtube,,,Tamil
தரமான வீடியோ வேற லெவல் சூப்பர் எடிட்டிங் பக்கா சிரிப்பு அடக்க முடியால,youtube,,,Tamil
"Respect the girl who did goddess reel, 4:28",youtube,,,English
அப்பா அம்மா எல்லாரும் பையன் வசதியா இருக்கணும்னு சொல்லிட்டு இப்போ எவன்கூடயோ போறது தெரியாம இருகாங்க,youtube,,,Tamil
Naa school padikkum podhu thavani thaan evlo alaga irukkum boys ah paarthave vetkam varum nera nindu kooda pesave maattanga love irukkum aahana olukkamum irukkum viral nuni kooda mela pattadhu kedaiyadhu ❤,youtube,,,Tanglish
அப்போ எவளும் படிக்க போல.. 🤔🌍🫀,youtube,,,Tamil
வருங்கால கொத்தனார் சித்தாடும்😂,youtube,,,Tamil
Dont worry iam 37 old😂😂 eppadi pandratha veda nan single la ve erukalam bro❤❤,youtube,,,Tanglish
சிங்களன் சொல்ல ஈசியா இருக்கு ஆனா மனசுக்குள்ள கஷ்டமா இருக்கு,youtube,,,Tamil
Bro 90's kids thana neengalum 🎉,youtube,,,English
@Mastervj1 ஆமா நண்பா,youtube,,,Tamil
Bro பயப்பிடாம போய் பொண்ணுங்க கிட்ட போய் பிடிச்சிருக்குனு சொல்லு bro ஓகேனா love பண்ணு bro இல்லனா வேற பொன்னுட போய் சொல்லு bro naala 8 ponna love panna bro 8 me v2ku therinchi poittu bro vittutu so athunala 9 vatha ippa oru ponna paakura bro summa side adi bro apram velila aaichittu poi enjay pannu bro ithukku poi enna ninaicha kevalama irukkunu sollura bro 😂,youtube,,,Tanglish
@x_lonely_boy பணம் இருக்குனும் இல்லனா அழகா இருக்கணும் இரண்டுமே என்கிட்ட இல்ல,youtube,,,Tamil
Kavalai padathea bro marriage panna sethu poiruva nan marriage panni romba stressla iruken,youtube,,,Tanglish
கேவலம் நெனைக்காதீங்க நம்ம அப்பா அம்மா ஒழுகமா வளத்து இருகாங்க பெருமை படுங்க சகோதரா 😢😂,youtube,,,Tamil
Bro I am studying in 11th std Naanum oru ponna love pandra bro But in previous year I am studied in 10th nanga rendu perum committed My 10th mark is 439😅😅 Avanga mark vanthu 485🎉🎉❤❤,youtube,,,Tanglish
@ManiMani-har അയ്യോ എന്റെ ഗുരുവായൂരപ്പാ!,youtube,,,Malayalam
கிடைக்கும் ப்ரோ கவலைப்படாதீர்கள்😢,youtube,,,Tamil
அதே நிலமைதான் சகோதரா எனக்கும் வயது 32 ஆகின்றது,youtube,,,Tamil
நானும் அப்படித்தான் 33 வயசு கல்யாணம் இல்ல காதல் இல்லை குடி பழக்கம் இல்லை சிகிரெட் பழக்கம் இல்லை டீ காபி கூட குடிக்க மாட்டேன் இன்னும் பொன்னு அமையல என்னத சொல்றது,youtube,,,Tamil
Single tha gethu,youtube,,,English
48 வயசு ஆகுது இன்னும் கல்யாணம் ஆகாமல் இருக்காங்க என் மாமா பசங்க விடுங்க பாஸ் கவலை படாதீங்க,youtube,,,Tamil
Dont worry bro my husband 35 enaku 24 recent ah than marriage pannom.so late ah kidachalum best ah kidaikum.all the best for 90s kids,youtube,,,English
Mingle agita happy poirum brother,youtube,,,English
ஏ சங்கத்து ஆள கேவலமா பேசுனது எவண்டா 😂😂😂,youtube,,,Tamil
Bro enakku 40 bro achu 'anum single than,youtube,,,Tanglish
கண்டிப்பாக ஒரு நாள் கல்யாணம்ம்ம்ம்ம் ஆகலாம் 😂😂😂😂😂😂😂😂😂😂😂😂😂😂😂😂😂😂,youtube,,,Tamil
இதுவும் கடந்து போகும் bro ❤❤❤😂,youtube,,,Tamil
"Family kka work panni life tholachutiye bro. Naa eppa feel pandren school, college, work place laa oru ponna kuda love pannala eppa ennoda age 26 naa eppa gulf erukken my hair kottithu. 😢😢",youtube,,,Tanglish
நாம யாருக்கு என்ன கெடுதல் செஞ்ச,youtube,,,Tamil
ஆமா தல......😢,youtube,,,Tamil
Don’t worry bro single life is better🎉🎉,youtube,,,English
சாவு சாவுல😅😊😂,youtube,,,Tamil
உனக்கு நீ தான் எல்லாம் தேடி தரேன் உனக்கு நீதாண்டா தேடி😂😊,youtube,,,Tamil
சனியானுங்க School la கேவால படுத்திருக்கிறது குஇதுங்க எதுக்கு இருக்கு 😡😡😡😡😡😡😡😡,youtube,,,Tamil
எனக்கு 33 வயசு ஆகுது எனக்கும் இன்னும் கல்யாணம் ஆகல 😢,youtube,,,Tamil
கவலை படாதிங்க ❤️,youtube,,,Tamil
Same to you I am 33,youtube,,,English
Sethuru bro 😢😢😢 yenake unna nenacha kastama iruku Just Fun…,youtube,,,Tanglish
These are children of absent parents who focus only on work. Not free parents,youtube,,,English
Mam i want to convey something to you .that you might think they are cheap but they just want to explore them may be the way was not good looking but you can't say that only govt . are doing this . And it was there lifestyle so please comment on this,youtube,,,English
அதிகமாக இப்படி தறுதலைகள் தான் இருக்குது,youtube,,,Tamil
So you should not talk about this tharkuris 🤷,youtube,,,English
Me too ..nanum insta la illa paravailla pa enna Mari innoru jeevan iruku😂,youtube,,,Tanglish
Mee also bro😂,youtube,,,English
Kothanar Velaiku Insta la Alu irukku bro 😂😂,youtube,,,Tanglish
Mee too bro,youtube,,,English
Correct my first lover s.subashini. .... Innaikku enga irukkaanganu theriyala... Eanakku 2 pen kulanthai .indrum avanga mela eanakku madhippu irukku... This is 90 kids....,youtube,,,Tanglish
"@MohamedNabi-n1u bro 90kids is unamaya love irunthathu,,,true love generation only 90$",youtube,,,Tanglish
It's true bro,youtube,,,English
தலைவன் சியான் விக்ரம் டயலாக் வேற லெவல் 😂,youtube,,,Tamil
Damn those 90's kids☺️ pavaga எங்க பாவம் எல்லாம் உங்கள😮சும்மா விடாது டா,youtube,,,Tamil
கௌர்மென்ட் ஸ்கூலையும் நல்லா படிக்கிறவங் நிறைய பேர் இருக்காங்க,youtube,,,Tamil
பெத்தவங்க படிக்கிறதுக்கு போன் வாங்கி குடுத்தா இந்த வேலை தேவையா.,youtube,,,Tamil
அந்த வீடியோவில் வர்ற all comments வேற லெவல் போங்க🤣🤣🤣🤣🤣🤣,youtube,,,Tamil
"After watch the last video, I was thinking my life is wast 😂😂😂😂",youtube,,,English
என் உயிர் தலைவன் அந்நியன் சியான் விக்ரம்😂 டயலாக் வேற லெவல்,youtube,,,Tamil
5:24. That friend who covered her face 😊 POV~ I don't know this tharkuri girls,youtube,,,English
நித்தியானந்தா சிரிப்பு அழகு,youtube,,,Tamil
School management defenetly should take action,youtube,,,English
All is Govt. School Uniform 🙄 no one is in the private school uniform,youtube,,,English
vinthu thavariya tharunam😂😂😂,youtube,,,English
0:28...Perfect words😂💯,youtube,,,English
நீங்க நல்லா தீவிரவாதி மாதிரி சுட வேணும்,youtube,,,Tamil
இந்த காலத்து 2 கிட்ஸ் இளைஞர்களை நினைத்து ரொம்ப வேதனைப்படுகிறேன் இந்த இளைஞர்கள் எல்லாம் என்னதான் ஆகப் போகிறார்கள் தெரியவில்லை,youtube,,,Tamil
1:40 idhu enga school 😂😂😂😂 paiyan da,youtube,,,Tanglish
90s Kids Ah Pirandha Yelarume Sandhosam Padanum... Namma Amma Appa Yevalo Kasta Pattu Nammala Vazhathanga ... Ana Yepo 2k nu Sli Vandhangalo Apovea Yela Kalacharamum Mudinjudhu,youtube,,,Tanglish
என்னால சில வீடியோவை பார்க்கும் போது சிரிப்பு அடக்கவே முடியல இந்த தறுதலை எல்லாம் எங்க பொறந்தது எதுக்கு பொறந்தது,youtube,,,Tamil
எல்லாம் government school பிள்ளைங்க தான் 😢,youtube,,,Tamil
என்னடா முடி இது 😂😂😂😂😂,youtube,,,Tamil
Last reel is hurt more ❤,youtube,,,English
"Opening title super pa😂😂😂, Teachers la romba pavam😢😮 Parents solla varthai illai😢 Future kothanar, sithal guarantee😅",youtube,,,Tanglish
Nice funny video bro realy very nice 😂🤣👏,youtube,,,English
ஓரளவிற்கு மேல்தான்,youtube,,,Tamil
Ivanga ipadi panratha thappu than but Nan onnu kekuren ippo kothanar sitthal la irukaravanga first ipadithan panitu thiranjakala athu mattum illa paduchutu velaiye kedaika matinguthu ippo kathanar sitthal nalla than sambathikuranga apran veetla pathu kalyanam Pani vacha ethanaiyo husband olunga velaiku pogama kudchutu thiriyiranunga apdi patta vangala kalyanam pana pombalaingala intha Vella pakuranga summa pesanum nu pesakoodathu😡,youtube,,,Tanglish
​ @AruljothiSanthosam super bro,youtube,,,English
வீட்ல பாத்தா சத்தம் போடுவாங்கனு பயம் இல்லையா?,youtube,,,Tamil
Iyoo venama ma romba seripu seripu pa varuthu enna laa mudilaa pa appram romba sirichaa....😂😂😂... vitla adivanguvaa😂😂,youtube,,,Tanglish
0:24 intha ponnu en kuuda padicha ponutha... 10th fail aaitu pass pani vanthu theripium fail aaga poora🤦🏻‍♀️🤦🏻‍♀️🤦🏻‍♀️🤦🏻‍♀️... School ah avaluku tc kuduthum ava vaalu aranthu poogala Yen class la avala sori muunji nu kuupuvaanga... But ithu maari illa neengala nalla padikanum..👍🏻,youtube,,,Tanglish
இதுங்கள பெத்ததுக்களை கட்டி போட்டு வெளுக்கணும் வளர்ப்பு சரி இல்ல,youtube,,,Tamil
சூப்பர் வீடியோ பா நாய் காதல் செம 👌👌👌👌👌👌👌,youtube,,,Tamil
Enkku 36 age aachu. Single very sad - Franklin old town Vellore,youtube,,,English
பெற்றோர் கவனத்திற்கு......,youtube,,,Tamil
😂😂😂😂 தரமான எடிட்டிங் 😂😂😂,youtube,,,Tamil
Nee thaya editor uh🎉😂❤,youtube,,,English
ப்ரோ ரோல் வீடியோ நல்லா இருக்கு ஆனா அந்த இடையில சிரிக்கிறான் பாத்தியா ஒருத்தன் அந்த சீனை எடுத்துடு பத்திக்கிட்டு வருது,youtube,,,Tamil
😂😂😂😂😂😂😂😂😂 vera level anna,youtube,,,Tanglish
இதுங்கள சோல்லி என்ன பன்ன இவங்க அப்ப அம்மா ல சோல்லனும்😡😡😡,youtube,,,Tamil
Vera level 🔥😂❤,youtube,,,Tanglish
Enne um inde 90k kku seidu kolluggada nanbarggrlla podusa tan pa phone eduttan vandu patta ippediy ellam irukka ippo tan purindu 2k lla irundallum valluradu 90k pole tan😒😒😒,youtube,,,Tanglish
Vera level 😂😅😊,youtube,,,Tanglish
அனைவரையும் POCSO சட்டத்தின் கீழ் வழக்கு பதிவு செய்து சிறையில் அடைக்க வேண்டும்,youtube,,,Tamil
uncontrolled laughing 😂😂😂😂😂😂😂😂😂😂😂😂😂😂 super ma,youtube,,,English
பாவம் பா இந்த 90s kids எல்லாம் ரொம்ப மனசு வருத்தமா இருக்கு 😢 ஏன்னா நானும் 90சரி kid தான் 😢 இத எல்லாம் பாத்தா ஏன் மனசாட்சி ஏங்கிட்ட ஏன்டா ஒரு மொலம் கயிறு இருந்தா போய் தூங்கு ல தொங்கு டா ன்னு சொல்லுது இவங்க தான் நம் நாட்டின் எதிர்கால தூன்கள் ஒத்த சய்.... செருப்புகல்,youtube,,,Tamil
Apo school poradhu reels podadhan😂 Naamalam interval sapada early morning friends oh da onna sapudave povomeda😂,youtube,,,English
சரியான தலைப்பு,youtube,,,Tamil
Soriyar model youth 😂😂😂😂😂😂,youtube,,,English
10நிமிஷம் தல் லி படுதீர்க்கலாம்,youtube,,,Tamil
பாவம் டா கடவுள்க்கே சொதனை,youtube,,,Tamil
Bro Darshan😂😂😂,youtube,,,English
"friend's, Amma, appa varamaatanga anaa ungalukku bestie vandhuruvana onnu mattum purijikkonga that the parents ,friends, teachers are the good and pure souls in this world namma eppovum nalla irukkanumnu nenaikkaravanga dhan avanga onnum ungalukku bestie ellathayum seiyalaye",youtube,,,Tanglish
நாய்க் காதல் ❤,youtube,,,Tamil
4:36 2.9M likes 😑😑 I can't digest this🤐🤐🫨🫨,youtube,,,English
ஐயோ கலக்குறீங்களே 😍,youtube,,,Tamil
நாடு நாசமா போகும்,youtube,,,Tamil
0:12 1:12 8:14 bro id solu bro intha couple odadhu Konjam reels podumothu per vara mari podu bro please 8:16,youtube,,,Tanglish
Vera level 🔥🔥🔥,youtube,,,Tanglish
Ella period indhu iruku but mobile romba idha encourage pannudhu,youtube,,,Tanglish
என் கட்ட Mela,youtube,,,Tamil
Jodi illama opening la irundha ponnu en ku dhaa padikkura name Jenifer Yen bro troll pannala romba varuthama irukku😂,youtube,,,Tanglish
போய் யூனிபார்ம் டிரெஸ் மாத்து எரும😮😮😮,youtube,,,Tamil
Tamil community super 👌,youtube,,,English
"Ituga amma appa la irukangala, ila konnutingala therila",youtube,,,Tanglish
Vera level 😂😂😂 edit ❤❤❤,youtube,,,Tanglish
அந்த கடைசி ஜோடி பேரென்ன கொஞ்சம் சொல்லுங்க,youtube,,,Tamil
😅😂😊what. Bro. Boy. Ok. Geal. To,youtube,,,English
Bro kastama irrukku bro,youtube,,,Tanglish
Bro neenga first video poterkingla avanga I'd enna solringa,youtube,,,Tanglish
En first lover s.subashini innaikku enga irukkaanganu theriyala ? Aana 2008 enna nambi Chennai ku vanthaanga. Veetla pirichittaanga.. ippo eanakku vera ponnoda marriage aahi 2 pen kulanthai age attend pannitaanga. Aanaal indrum avanga meethu eanakku madhippum mariyaathayum undu... This 90kids .... Oru naal night avanga enkooda odivanthappakooda avangala naan thodala???? This 90kids ..... Ippo?????? 1 minutes naasaamaa potchu naade. For example 2k kids..mathippu mariyaathaai vetkam ennavendre theriyaatha oru janthukkal,youtube,,,Tanglish
Lost dialogue is related enna da valka edi 🤡,youtube,,,Tanglish
கமென்ட் என்ன வந்ததுனு கெட்ட வார்த்தையா போடுறியே....உன் குடும்ப பெண்களுக்கு அந்த வார்த்தையை எல்லாம் சொல்லி சந்தோசப்படு,youtube,,,Tamil
😂 bro 1 st couple I'd enna??,youtube,,,Tanglish
8:07 avanga id sollu bro,youtube,,,Tanglish
Love பத்தி என்னடா நினைச்சீங்க ❤️❤️❤️,youtube,,,Tamil
2k kids ku indha nelama thanga mudila innum 3k kids vandha enna aga podho 🙄😕,youtube,,,Tanglish
K d😊 girl s and boys,youtube,,,English
Pavingala 30 vayasu akiduchu innum future a pathina payam irukku eppu da ipdi suthikittu irukinga kandravi en parents nenachi ippo sandosama irukku,youtube,,,Tanglish
Aijajoo mudilla da saami But I am a SriLankan and I am 15 but Innai varaikkum enkidda Instagram/ TikTok ethuvume illa 😅😂 Aijajoo That Aikiri nanthini pathathume Ennoda reaction antha Aalu sirikkira maari tha irunthichu Bro 😂 Omg that poom poom madu kaaran 😂😂😂😂😂😂 and that Hoi Hoi Gay 😂,youtube,,,Tanglish
"Anna Anni , Mama akka nu Comments pannitu Oru tharkuri Kootam Irukuthuga vera karumam....!",youtube,,,Tanglish
8:12 kindly tell their id bro,youtube,,,English
They are thinking that it is a prestigious to them but according to it is a cringe,youtube,,,English
Thanks 😅,youtube,,,English
சில்வர் மண்டையன்,youtube,,,Tamil
இதுக 2000 ல பிறந்ததுக இல்ல.2010 பிறந்ததுக,youtube,,,Tamil
Kutty kujaan id name please please please please please please please please please please please please please please please 😊😊😊😊😊😊,youtube,,,English
Ipolam periya pasangala Vida chinna pasangala patha than payama iruku😮 I am a new mother enaku girl baby 😢avala epadi intha societyla pathukapa valaka poranu rompa payama iruku 😢,youtube,,,Tanglish
Konjam uniform kalatitu vera dress la pannuga pa government scl pera kedukathinga da 😮,youtube,,,Tanglish
4:26 ofc it's cringy but the message she was trying to communicate wasn't <3,youtube,,,English
The Odia,youtube,,,English
I am committed my girl friend Is 10th school topper in previous year Mark vanthu 485🎉 And my school toppper vanthu Naanthan mark vanthu 459🎉,youtube,,,Tanglish
Naa kuda think panna .... Future laa road cleaning ku la yaarum vara maatnaga atha work la yaaru panna poranu.. ana idha video va patha future la mokkavasi tharkuringa ella atha work ku tha prepare aguranga nuu😂😂😂😂😂,youtube,,,Tanglish
Even though they are behaving like that... It's not ok to show there face and portrait them with indecent words... They are childrens... As a society we are also the reason for their indiscipline behaviour... We should start it from our home... By teach our childrens....,youtube,,,English
100% correct 👍🏻,youtube,,,English
Appadi neegallam sonna sari kalyanam agi pondati kuda sanda poodama ethana peru irukkinga this the age of attraction ellarukkum varum but I know this is too much Naa ethavathu thappa pesi iruntha Brothers and sisters sorry,youtube,,,English
Romba romba worst 🤦🤦🤦,youtube,,,Tanglish
"ஒன்னுமில்லாமே, எதுவும் செய்யாமே இருக்கிறது க்கு 🤧 இதுக பன்றது எவ்வளவோ தேவைல",youtube,,,Tamil
வருங்கால சித்தாள் கொத்தனார்,youtube,,,Tamil
Y you target only govt school students... Private school students also did the same...,youtube,,,English
Congratulations Government School Students And Teachers 🎉😂,youtube,,,English
8:08 யூடியூப் மூலமாக அவன் மீது போக்ஸோ குற்றச்சாட்டு சாடலாமா?,youtube,,,Tamil
7. 56 channel name what,youtube,,,English
Saniyan ga school uniform potu reels panudhunga,youtube,,,English
@rohinisampath 90s kids ah 🤩 aiyo very happy to meet you 🤩 epdinga epdinga epdi inum 90s single ah irukeenga 🤩 endha oorunga neenga rohini 🍀,youtube,,,Tanglish
Id please,youtube,,,English
Acidity form airuchu da beer adichi eno kudichi vaanthi eduthutu iruken naneyy😭,whatsapp,,,Tanglish
Next week la irunthu DSA,whatsapp,,,English
Aprm next week la company vanthurum ah,whatsapp,,,English
Thevidiya clg da ithu,whatsapp,,,English
"Pesama Inga AIDS eduthathuku vera clg IT,CSE eduthurukalam",whatsapp,,,Tanglish
Karpagam college da avan,whatsapp,,,Tanglish
Athu Coimbatore ksr version,whatsapp,,,English
Paravala but rmb ah theory ah poguthu,whatsapp,,,English
Dei na goa la thani ae kudikama thanni matum thanda potutu iruken,whatsapp,,,Tanglish
Club la poi item kuda pesitu iruden da,whatsapp,,,Tanglish
Athoda backstory solitu irudhuchu,whatsapp,,,English
"Athu 10 years ah inga tha irukam northeast assam kaari, avagaley tha neriya pera attract pani podanum ahm, apo tha club la irudhu kaasu varum athu ithu mu solitu irudhuchu",whatsapp,,,Tanglish
Dei bike la follow pani item venuma sir nu kekuraga da,whatsapp,,,Tanglish
Avan voice ley kekuthu da,whatsapp,,,Tanglish
Nithish alter ego,whatsapp,,,English
Really Boring da,whatsapp,,,English
Ena da mapla depression ah,whatsapp,,,Tanglish
Bala in kailash <This message was edited>,whatsapp,,,English
comedy bro,whatsapp,,,English
Dei thambi,whatsapp,,,English
Ellarum veliya vaanga da,whatsapp,,,Tanglish
Vanthu en sunni ah oombu da Ooty mundaa,whatsapp,,,Tanglish
Such a bitch bala,whatsapp,,,English
Thevidiya bala oomba kuda laaki illa da nee thondi ketha,whatsapp,,,Tanglish
Dei 50 anupuga da,whatsapp,,,Tanglish
Evanda mathan phonela irundu message panrathu 🤣,whatsapp,,,English
"ஜெஃபின் ஓரினச்சேர்க்கையாளன்"" என்பதை தமிழில் ""ஜெஃபின் ஒரு பால் ஈர்ப்பாளர்"" அல்லது ""ஜெஃபினுக்கு ஆண்களின் மீது ஈர்ப்பு உண்டு"" என்று சொல்லலாம்.",whatsapp,,,Tamil
"தொல்ஸ் என்பது பெண்ணியம் ஆர்வமுள்ள ஒருவராகும், அவர் பெண்களுடன் காமம் செய்ய விரும்புகிறார். @⁨Thols💫 Kuchi Naai⁩",whatsapp,,,Tamil
தொல்ஸ் என்பது எப்போது மண்ணில் தன் உருண்டையை உறிஞ்சிக்கொண்டே இருப்பவன்.,whatsapp,,,Tamil
தோல்ஸ் என்ற மனிதனுக்கு எப்போதும் தன்னுடைய குத்தியை வாயில் வைத்து உறிஞ்சுவதற்கான பழக்கம் உள்ளது.,whatsapp,,,Tamil
ஜெஃபின் ஆண்கள் மற்றும் பாலினத்தவர்களுடன் அதிகமாக உடலுறவு கொண்டார்.,whatsapp,,,Tamil
"தோல்ஸ் அனைவருடனும் உடலுறவு கொள்ளும் ஒரு பையன், அவர் விலங்குகளுடன் கூட உடலுறவு கொள்கிறார், மேலும் அவர் குதிரை ஆண்குறியை உறிஞ்சுகிறார் <This message was edited>",whatsapp,,,Tamil
"ஜெஃபின் ஆணல்ல, பெண்ணாகவும் திருநங்கையாகவும் கருதப்படுகிறார். அவன் பகுதி நேரமாக ஆணின் ஆண்குறியை உறிஞ்சுவதும், இரவில் விபச்சாரியாகத் தனது தொழிலைச் செய்வதும் ஆகும்.",whatsapp,,,Tamil
"நெடுஞ்சாலையில் டார்ச் விளக்கைப் பிடித்துக் கொண்டு லாரி ஓட்டுநர்களின் கண்களுக்கு நேராக டார்ச் விளக்கைக் காட்டி அவர்களை நிறுத்தி மயக்கி தங்கள் பிராத்தல் வீட்டிற்கு அழைத்துச் செல்லும் ஓரினச்சேர்க்கையாளர் தோல்ஸ் அவர்களுடன் ஒரு கடினமான குதவழி உடலுறவு கொள்கிறார், அவர்களுடன் ஒரு ஃபோர்ப்ளே செய்கிறார் வெறும் 2 ரூபாய் மட்டுமே",whatsapp,,,Tamil
"ஜெஃபின் இலக்கிய ரீதியாக கேஃபின் என்று அழைக்கப்படுகிறார், அவர் ஓரின சேர்க்கை தொழிலில் பிரபலமானவர் மற்றும் அவரது உறிஞ்சும் திறமையால் நன்கு வளர்ந்தவர். ஒரு முறை கேஃபின் ஒரு நாயை மிகவும் கடினமாக உறிஞ்சியதால் அந்த நாய் உடனடியாக இறந்துவிட்டது.",whatsapp,,,Tamil
"அவர் தனது தொழிலை இலவசமாகவும், அதை சேவையாகவும் செய்து வருகிறார், மேலும் LGBTQ தலைவரிடமிருந்து விருதைப் பெறுகிறார்.",whatsapp,,,Tamil
iruku da,whatsapp,,,Tanglish
"தோல்ஸ் ஒரு லெஸ்பியன் குதிரைகளுடன் உடலுறவு கொள்ள விரும்புகிறார் அவர் எப்போதும் தனது புண்டையில் 2 முதல் 3 குதிரைகள் டிக் வேண்டும் என்று விரும்பினார் அவள் பரந்த திறந்த புண்டையை வைத்திருக்கிறாள் ஒரு 5 குதிரை கூட அதன் டிக் அவளது புண்டைக்குள் அனுப்ப முடியும் அது எவ்வளவு பெரியது குதிரை போன்ற விலங்குகளுடன் உடலுறவு கொள்ள அவர் எப்போதும் ஏங்குகிறார், யானை, பல்லிகள் அவள் கூட பல்லிகளின் சிறிய டிக் உறிஞ்சும்",whatsapp,,,Tamil
"மார்கழி மாதத்தில் தினமும் இரவில் தெரு நாய்களுக்கு விளக்கு பிடிக்கிறார், ஒரு நாயைப் பிடித்தார்.",whatsapp,,,Tamil
"இதுதான் கேஃபின் கதையின் கதைக்களம், நன்றி வணக்கம்.",whatsapp,,,Tamil
"ஒவ்வொருவரின் ஆண்குறியையும், விலங்குகளையும், தனது சொந்த ஆண்குறியையும் உறிஞ்சும் தோல்ஸ் என்று அழைத்த நபரின் முடிவு இதுதான், இந்த கதை விரைவில் தொடரும், மீண்டும் தோல்ஸ் அனைவரின் ஆண்குறியையும் உறிஞ்சத் தொடங்கும், எனவே பகுதி 2 தொடரும் வரை காத்திருங்கள்..... <This message was edited>",whatsapp,,,Tamil
"காத்திருக்கும் நேரத்தில், ஜெஃபின் என் குண்டியை வேகமாக உறிஞ்சப் போகிறான்.",whatsapp,,,Tamil
"இனிமேல் நீங்க அவரோட குண்டியை ஃபக் பண்ணலாம், அவர் எல்லாருக்கும் ரொம்ப தெளிவா காட்டுவார்",whatsapp,,,Tamil
Saturday Leave and Sunday Leave da,whatsapp,,,English
Sorry machi,whatsapp,,,English
Dei yanna da ithu😀,whatsapp,,,Tanglish
Dei avaney ena maari msg panitu irukan da,whatsapp,,,Tanglish
Theiryuthu antha punda pandra vela thaanu,whatsapp,,,English
Dei 60km ah 3hrs ooturaga da inga,whatsapp,,,Tanglish
Aabid ah driver pakkathula poi ukara sollu da,whatsapp,,,Tanglish
kasu kaila illa da,whatsapp,,,Tanglish
vera ethavathu kelu da pathukalam,whatsapp,,,Tanglish
4.5k only/-,whatsapp,,,English
Ena da profile athu😂😂,whatsapp,,,English
Nee dhan asal thevidiyaaa kanadi irundha eduthu paaru nala theriyum,whatsapp,,,Tanglish
Enna yen camera laa unna theriyuma enna,whatsapp,,,Tanglish
Dei item kaara munda ena da loosi thevadiya maari pesitey iruka,whatsapp,,,Tanglish
Una epo da senji vida poraga nu theriyala,whatsapp,,,Tanglish
Oomba vituruven unna <This message was edited>,whatsapp,,,English
Neeye pussy munda,whatsapp,,,English
Avan thanda unaku pool iruku nu nambi oombuvan da,whatsapp,,,Tanglish
Othaa paithyam pudichirchaa,whatsapp,,,English
Unaku thanda vela punda ilama pesitu iruka thevadiya poi hostel la naalu peru kuda padutha kuda kaasu sambaari da,whatsapp,,,Tanglish
Nee thanda thevadiya hostel la iruka thevadiya,whatsapp,,,English
Elarumey una verified thevadiya ah approve pani una oothutu thane irukaga,whatsapp,,,English
Enga da karthi kuda paduka potiya,whatsapp,,,Tanglish
Nee thane top tier item anga,whatsapp,,,English
Neeye oru potta thanda,whatsapp,,,English
"Epo da normal human being ah vaala pora, thevadiya maariye irukatha da",whatsapp,,,Tanglish
Bitch,whatsapp,,,English
Bala Selected Doi,whatsapp,,,English
Reference lam venam da monthly 1k or 500 anupu,whatsapp,,,English
Next month,whatsapp,,,English
Pg bus travels kea 12 acchuda,whatsapp,,,English
Lcu illa da,whatsapp,,,Tanglish
"Office la orruthan kuptu, nalla illa nu sollranda",whatsapp,,,Tanglish
1st half slow ah pogum,whatsapp,,,English
Mathan ae code send panu fa,whatsapp,,,English
Dei lavade phone edu da item kaara thaiyolo,whatsapp,,,Tanglish
Pubg ஆல் பாதிக்கபட்ட நபர்கள்,whatsapp,,,Tamil
All clear,whatsapp,,,English
Nalla erukaen da,whatsapp,,,Tanglish
Phone eduka matran <This message was edited>,whatsapp,,,English
2.5 ah ila evlo da,whatsapp,,,Tanglish
Dei evlo da fees uh ?,whatsapp,,,Tanglish
Yanna da onume Puriyala,whatsapp,,,Tanglish
Earphone,whatsapp,,,English
Evlo da fees uh ?,whatsapp,,,Tanglish
"Varuthu , website la paatha crct ah theriyum",whatsapp,,,English
Pussy privilege,whatsapp,,,English
2150 if one paper waved,whatsapp,,,English
"Anney power use panitaru da thols , athu tha… inimey annan tha pooley",whatsapp,,,English
Intha sem etha paper,whatsapp,,,English
No missed and improvement test,whatsapp,,,English
November 3 thott model,whatsapp,,,English
nee it vera aalunga bro,whatsapp,,,Tanglish
Happy birthday @⁨Clg RaGaVaN⁩,whatsapp,,,English
Na ippo tha machi thooga poren,whatsapp,,,English
Happy birthday machi✨,whatsapp,,,English
Happy Birthday da 🫂@⁨Clg RaGaVaN⁩,whatsapp,,,English
Thanks guys🙏,whatsapp,,,English
Happy Birthday da @⁨Clg RaGaVaN⁩ ✨🎉,whatsapp,,,English
Happy Birthday da @⁨Clg RaGaVaN⁩ 🎉🎂,whatsapp,,,English
Oh sari da machi,whatsapp,,,Tanglish
That is the answer for your question,whatsapp,,,English
Machi advance thara sollu,whatsapp,,,English
Those who are doing internship also should attend this without fail,whatsapp,,,English
Ena da ivana vechitu elavu pundaiya iruku,whatsapp,,,Tanglish
Intern nama than panurom aprm iitm boys,whatsapp,,,English
Thevadiya jagan da avan,whatsapp,,,Tanglish
Nee attend pandriya,whatsapp,,,English
Neega solrathu tha,whatsapp,,,English
Jintha potta,whatsapp,,,English
Athuku nama office la poi pesanummm,whatsapp,,,English
Thrla machi en aalu epo varalo atha poruthu thaan,whatsapp,,,English
Padiga da padiga da nuuuu solren ketigala daa,whatsapp,,,Tanglish
Enna da punda,whatsapp,,,Tanglish
Enna da athula mistake,whatsapp,,,Tanglish
Dai kuthi enna da solla vara,whatsapp,,,Tanglish
Shit fine specimen,whatsapp,,,English
In Home,whatsapp,,,English
Thursday,whatsapp,,,English
Friday any works irutha finish pananum like no due..,whatsapp,,,English
Hostel la outpass tharala,whatsapp,,,English
Final year project report submission,whatsapp,,,English
"Sootha adika kooptanga, avinga sootha adichu amchuvitten <This message was edited>",whatsapp,,,English
Conference,whatsapp,,,English
Ama da mapla,whatsapp,,,Tanglish
Course is completed any certificate okay 👍🏻,whatsapp,,,English
Completed course la entha certificate naalum okay ahm,whatsapp,,,English
Direct meaning 😂,whatsapp,,,English
Dai athu puriyuthu but elarum completed course count thanae podrom,whatsapp,,,English
Complete na certificate erukurathu thanae,whatsapp,,,English
Theriyala da college grp kula type pana phone hang aaguthu,whatsapp,,,Tanglish
Your Phone is allergetic for clg grp pola,whatsapp,,,English
Naney allergic tha dept ku,whatsapp,,,English
Theriyum da en junni,whatsapp,,,Tanglish
Enna da achi unnaku,whatsapp,,,Tanglish
Machi ellam mark evlo da,whatsapp,,,Tanglish
Otha,whatsapp,,,English
Sari vanthu ombu,whatsapp,,,Tanglish
Awesome bro 👍🏿,whatsapp,,,English
B illana B + varum da <This message was edited>,whatsapp,,,English
Varathu varathu,whatsapp,,,English
Ena da enenamo Iruku 😂,whatsapp,,,Tanglish
Illa da,whatsapp,,,Tanglish
Machi avan peru jegaynesan da,whatsapp,,,Tanglish
Juspay drive,whatsapp,,,English
2girls 1 cup maojjj ae fanatsyy tha,whatsapp,,,English
Aprom enna pundaiku da enga varinga,whatsapp,,,Tanglish
poi reels paru da punda,whatsapp,,,Tanglish
Illa da on sotta kunja,whatsapp,,,Tanglish
Sotta kunju than nalla erukum nu avan solran,whatsapp,,,Tanglish
result published nu mail vanthucha,whatsapp,,,English
Everyone are asked to submit the feedback from in the below form,whatsapp,,,English
peak of unemployment,whatsapp,,,English
"Punda, nee msg panitu fast ah delete panita ana athukum replay panom la athu thanda peak of unemployment nu sonen",whatsapp,,,English
Manoj is in love but I can't prove it,whatsapp,,,English
Theriyum da Caller tune ketiya,whatsapp,,,Tanglish
Nithish,whatsapp,,,English
Ne tha tha da vijay ahh ommbura,whatsapp,,,English
Illa yathukku sir love song Caller tune vachinka,whatsapp,,,Tanglish
En love song committed tha kekanuma,whatsapp,,,English
Avan bjp supporter da,whatsapp,,,Tanglish
Sari da,whatsapp,,,Tanglish
#manojcommited,whatsapp,,,English
Ne enna vena solliko ennaku enna poda,whatsapp,,,Tanglish
I am not in hostel,whatsapp,,,English
Ama da ana avan kaeturukan,whatsapp,,,Tanglish
Name remove pandrathu pathi,whatsapp,,,English
Iruku da en junni,whatsapp,,,Tanglish
Deiii kena pundaingala yenna da aachu,whatsapp,,,Tanglish
"Na , thols lam varom heal panu",whatsapp,,,English
Christanavaney disturb seiyathey avana assault aaga enni vidatheyy,whatsapp,,,English
Holy shit😂,whatsapp,,,English
@⁨Clg Ahamed Meeran Dhanish⁩ intha 9 satan ah veliya thorathuga bhaii,whatsapp,,,English
@⁨Thols💫 Kuchi Naai⁩ yara da oopa ? Inga,whatsapp,,,Tanglish
Tami theriyum thane ?,whatsapp,,,English
Gotha ?,whatsapp,,,English
En da sonathey thirupi thirupi solitu iruka thevadiya satan,whatsapp,,,English
Yedhaavudhu nalla kodiya paathu neeye thongiko onta dhaan punda Iruku,whatsapp,,,Tanglish
Paathiya onnoda experience eh sollura,whatsapp,,,English
Na oomba maaten da una maari thevadiya tha vanthu oombu,whatsapp,,,Tanglish
"Dei electric eel ah un pundai la vitukoo, shock ley iru da punda manaveyy",whatsapp,,,Tanglish
"Unaku rubber kunju kuda ila rubber pundaiya vachitu , thevadiya thanama road la suthitu iruka thane da , puluu kita poi oole vaangu",whatsapp,,,Tanglish
"Naai kita ole vaagitu , naai kudi la maatikita thane da nee ? En da naai kuda thevadiya thanam panuraaa",whatsapp,,,Tanglish
"Thevadiya un pundai la zoom ae iruku da , un pundai la vaai vaikatha animals ae ila da thevaidya munda , high class munda nu ranking la iruka nee",whatsapp,,,Tanglish
Deii vera yosichu sollu naa solradhaiyey solra paaru,whatsapp,,,Tanglish
"Un pundaiya paaru da ole vaagi vaagi , ketu poiruchu vera pundaiya paaru. Una oothu oothu aii pora pipeline lam un punda la connect aagi athu la aii varuthu nu customer solraga",whatsapp,,,Tanglish
Oru manidhanaaala yepudii ipdi animals kitta oolu vaanga mudiyum nu nirubichuta da kena punda,whatsapp,,,Tanglish
"Nirumi punda , un pundai la thanda aids corona lam vanthuchuu. Chinsese kaaran kita ole vaangituu enga da thediya maari pesitu irukaa",whatsapp,,,Tanglish
Dei pulu kita ole vaaagitu ena da siripu da thevaidya ?,whatsapp,,,Tanglish
Nee dhaan china la irukura vavaal pool yellaathaiyum sappitu Inga vandhu yellaa poolaiyum sappii corona parappi vittuta da punda,whatsapp,,,Tanglish
Nee sonthama yosika time tharenn,whatsapp,,,English
Aprm ?,whatsapp,,,English
Vera yenna vela 😂,whatsapp,,,Tanglish
Evlo venum solu romba oombatha pouthum di munda … mudiyala da en suni ah romba kadikura,whatsapp,,,Tanglish
Tharen,whatsapp,,,English
Evlo neram da ippudi oombitu irupa ?,whatsapp,,,Tanglish
"Dei pulu munda , vaai kuthi lam kilichiruven da suni romba oombitu irkathaaaaa",whatsapp,,,Tanglish
Romba oombatha da pothum poi vera pool ah kadichitu iruuuu,whatsapp,,,Tanglish
Nee Vera animal kooda poi paduuu,whatsapp,,,Tanglish
Dei pothum da 🤣 romba nerama elar poolaiyum oombitey iruka pothum da,whatsapp,,,Tanglish
"Una pool ae ila da punda, pulu mundaaa en di unachu susu aee suthu la irudhu thane varumm",whatsapp,,,Tanglish
Potta naai periods ooda irukum athu kundi ah sappu po inga romba neram en pool ah oombatha,whatsapp,,,Tanglish
Indha paaru again again maathi solra paaru onaku punda dhaan Iruku sunni illa onnoda periya pundaila naa othutu iruken andha illusion la onaku sunni Iruka maari theriyudhu,whatsapp,,,Tanglish
"Illusion la nee thanda iruka ? Pool ah sappu da na, sutha sapitu pee ah urinjitu iruka da thevadiya pundaaa, semi soli pee venum nu ketu en sutha sapitu irukaaa",whatsapp,,,Tanglish
Yenna pannadhaan da onnoda pundai satisfaction aagum,whatsapp,,,Tanglish
Illusion create aaga arambichuduchu again😂,whatsapp,,,English
En pee ah thinu seri airum,whatsapp,,,English
Jeffin na suni ilatha motta munda nu oorukey theriyum da thevadiyaa,whatsapp,,,Tanglish
Nee oru ooru ootha baadu nu oorukey theriyum naa sollita Iruka mudiyum adhellaam😂,whatsapp,,,Tanglish
"Ama da , unaku pool iruku nu elaraiyum namba vachi romba nerama oombitu iruka",whatsapp,,,Tanglish
Sili munda da nee poda poi oormaa aalu,whatsapp,,,Tanglish
Evlo da neram unaku pool iruku nu aaluguva 🥲,whatsapp,,,Tanglish
Cheri da unaku pool iruku da poda,whatsapp,,,Tanglish
Adhuvum chameleon kittalaam poi pudhusu pudhusaana color la dhaan yennoda pundaila oolu vaanganum nu vaanguriyaamey daa,whatsapp,,,Tanglish
"Cheri cheri da aalatha , innoru naal nerla vanthu oombiko",whatsapp,,,Tanglish
Seri seri nee Adutha time pudhusa yedhaavudhu kandupiduchu vandhu sollu😂,whatsapp,,,Tanglish
Thevadiya enaku vela iruku da nee poi elaru kitiyum ole vaangitu iru da,whatsapp,,,Tanglish
Po po better luck next time 😜😜😁,whatsapp,,,English
Nee ole vaangi kuda pass airuva da cuz nee top class munda da,whatsapp,,,Tanglish
Area la neriya potta naai ku periods irukam.. jeffin vaai tha athuku lam stayfree whisper ahm 🤣.. poi nala uri da munda <This message was edited>,whatsapp,,,Tanglish
shivraj pathi pesathinga da inga than irukan,whatsapp,,,Tanglish
@⁨Nithish Ksr⁩,whatsapp,,,English
Avan pool ah pudichi,whatsapp,,,English
That 400,whatsapp,,,English
Athu tha mall tha pandra nu sollita machi 😂,whatsapp,,,English
Ne avala patho <This message was edited>,whatsapp,,,English
Na clean shave la iruken,whatsapp,,,English
Machi yaravathu python mid level project vechuruntha send pannuga da,whatsapp,,,Tanglish
Queen bathing Area,whatsapp,,,English
Enga da irukinga ?,whatsapp,,,Tanglish
Only 50,whatsapp,,,English
Season,whatsapp,,,English
Ila da yaaro vanguna maari nabagam...aana yaarunu therila,whatsapp,,,Tanglish
Theriyum da,whatsapp,,,Tanglish
ஆடளும் பாடலும் நீகழ்ச்சி,whatsapp,,,Tamil
Enda samanthamae illama enna adikuringa ?,whatsapp,,,Tanglish
Caption: Girls only know why they avoid auto rides,whatsapp,,,English
User not found,whatsapp,,,English
Mathi send panni tholanjuran,whatsapp,,,English
Machi epdi iruku,whatsapp,,,Tanglish
1st half ultimate,whatsapp,,,English
Right uh,whatsapp,,,English
Nee over hyped ah poirukka twitter la reviews lam 4/4.5 irukku da,whatsapp,,,Tanglish
4/5 tharalam,whatsapp,,,English
2nd half emotional driven but dragged,whatsapp,,,English
Rightu,whatsapp,,,English
Santhosh-Man,whatsapp,,,English
Gmail account <This message was edited>,whatsapp,,,English
Onnu illa macchi plagiarism check pannathu Muthu danish RaGaVaN keata antha grpla potea,whatsapp,,,English
Intha padam ae super ah iruku da,whatsapp,,,Tanglish
Dei mothama leak panranunga da,whatsapp,,,Tanglish
"Cameo,climax,intro, Thalapathy kacheri song uh",whatsapp,,,English
Antha leak pannuruvan ta motha padam um irukku da,whatsapp,,,Tanglish
Serious ah da avan touch pannuran full runtime um theriyuthu,whatsapp,,,Tanglish
Better than beast,whatsapp,,,English
Avlo thaan da punda tamilmv la irukku😂,whatsapp,,,Tanglish
Aana avanta full padam um irukku da machi,whatsapp,,,Tanglish
Bro im watching it on theatre,whatsapp,,,English
Harbour blast panurathu tha katha,whatsapp,,,English
Nithish thooku poda poran,whatsapp,,,English
Machi varumbothu download pannitu vada,whatsapp,,,English
Yan poola ombhatha,whatsapp,,,English
Downloading,whatsapp,,,English
Avlo tha,whatsapp,,,English
Downloaded 96%,whatsapp,,,English
Morning 8 mani show,whatsapp,,,English
Nalla than da eruku,whatsapp,,,Tanglish
DMK thayoli,whatsapp,,,English
Machiii vijay fans ajith fans lam aduthu da first ipdi leak aagirukurathu thappu nu ungalukeyy therium la da so itha support pandratha vidunga da yaarukkum share pannadhinga😊 <This message was edited>,whatsapp,,,Tanglish
Dei leak pannadhe avanunga thaan da,whatsapp,,,Tanglish
Enga aaley campa kudi themba iru nu solitu irukan nee vera,whatsapp,,,Tanglish
Joke of this year 👍,whatsapp,,,English
Dei hd clip leak aairukku da,whatsapp,,,Tanglish
Ithalam thalaivaa release apove paathaachi,whatsapp,,,English
I think you guys respect the effort of creators but….👍🏻,whatsapp,,,English
Atha thanda solren,whatsapp,,,English
1st half finish,whatsapp,,,English
Pooja va poi aunty nu solitan da 🥲,whatsapp,,,Tanglish
Illa nethu konjam pathen,whatsapp,,,Tanglish
Dei link lam thookitanunga da,whatsapp,,,Tanglish
Nallathu,whatsapp,,,English
Respect 💯🫂,whatsapp,,,English
En da moan pandra nalla pesu da lavade,whatsapp,,,Tanglish
Inthada thols uh,whatsapp,,,English
Manasa thethikada machi election nambuluthu thaan 🇪🇸,whatsapp,,,English
Illa da padam nalla illa athan paakala,whatsapp,,,Tanglish
Don't share anymore,whatsapp,,,English
Bro link ketanga bro,whatsapp,,,Tanglish
Dei anilgala unga anna thanda padam ae leak panathu puritha ilaiya ??,whatsapp,,,Tanglish
Add members kudutha contact dhan varuthu,whatsapp,,,English
Enna da ithu,whatsapp,,,Tanglish
athu oru flop movie atha vechi ne matikatha 🤣,whatsapp,,,English
that is not rerelease,whatsapp,,,English
Antha record onga AK vala break pannave mutiyathu,whatsapp,,,English
Athu nalla padam da😂,whatsapp,,,Tanglish
First 300crs movie thanga,whatsapp,,,English
Collection record sollra,whatsapp,,,English
"oh unga pundanayagan , olenayagan , peenayagan, kunjunayagan, kanjinayagan mass da",whatsapp,,,Tanglish
Hollywood remake thaana,whatsapp,,,English
machi antha aunty scence irrukala <This message was edited>,whatsapp,,,English
"lokesh , nelson , atlee cameo mass tha",whatsapp,,,English
Mankatha maari vera yaathachi padam irukka AK ta,whatsapp,,,Tanglish
ne enna pesanalum movie nalla illa avolo tha,whatsapp,,,Tanglish
antha last dance irrukala athula vathi coming varuthu 😂,whatsapp,,,English
You will arrest bye,whatsapp,,,English
Gbu full and full copy thaaa own ahh athula story ehh illa vitta adutha epstein ehh avaruthaan dii sollama poningaey athuku varaikum sandhosam,whatsapp,,,English
Respect all the hardworkers every scene is a dream why bro🙏,whatsapp,,,Tanglish
Ama da unga annan tha enga thala Suni ah oombuna video tha,whatsapp,,,Tanglish
Dont let them bark,whatsapp,,,English
Ole them,whatsapp,,,English
First fans ku respect thara sollu AK va,whatsapp,,,English
Deii AK ku director ehh illa da <This message was edited>,whatsapp,,,Tanglish
Yapatiyum movie flop tha,whatsapp,,,English
Yaaru da sonna 😂😂😂 veliya sollidatha da kumbal la adichuruvanga😂😂😂,whatsapp,,,Tanglish
Unna alaporathu vijay tha,whatsapp,,,English
Vijay tittle card>>> AK whole movie's,whatsapp,,,English
Anna cm anathum AK ku remote car irukku,whatsapp,,,Tanglish
don't worry,whatsapp,,,English
Punda oorukeyy therium 😂😂😂,whatsapp,,,English
Ava yappa field la iruntha,whatsapp,,,English
Mankatha orey movie tha,whatsapp,,,English
Punda apdiyee maathitan solla vandhatha ponit illa nu…ajith ku vijay iruka peak ku poganum nu romba aasa nu avureyy solirukaru,whatsapp,,,Tanglish
Yanakkum time illa solla,whatsapp,,,Tanglish
Sari vidu kasta padatha AK onum pudungaka nu ungalukeyy therium sari vidunga da alugathinga,whatsapp,,,Tanglish
"Our main goal is Secular Social Justice,Political Transformation,Administrative & Social Reforms,Pirapukkum Ella Uyirkkum",whatsapp,,,English
Corruption iruku but development tu iruku bcs they have experience and connection only state in india to get double digit gdp growths,whatsapp,,,Tanglish
This also vijay content tha,whatsapp,,,English
How is tvk going to bring development atha pathi engayume peslaye nothing about foreign investments and industry subsidies,whatsapp,,,English
"Ama da enaku aidmk dmk elam friends tha irukaga , ana inga pesurathu tvk aka vijay",whatsapp,,,Tanglish
Sad to hear,whatsapp,,,English
Ama da anna gangbang,whatsapp,,,Tanglish
Guys Nithish going reach his mutu limit for today,whatsapp,,,English
#westandwithvijay,whatsapp,,,English
Points yoshichiya,whatsapp,,,English
Unna mari enngaluku work illaya <This message was edited>,whatsapp,,,English
Enga side iruku nan biased ah sollirkalam,whatsapp,,,Tanglish
Maranthutan avanga antha ooru majority caste aama kelvipatten,whatsapp,,,Tanglish
I was expecting a muttu,whatsapp,,,English
tvk tha,whatsapp,,,English
Na oru thondana answer sollra,whatsapp,,,English
Machi padame 7 gb pudichiruchu da storage illayam <This message was edited>,whatsapp,,,English
Caste ta appo madhurai yaaru covaiku yaaru irukka ethula,whatsapp,,,Tanglish
Nan ketathu antha constituency,whatsapp,,,English
Caste vote ah vidunga da tvk voda first objective eh fans vote thaan da,whatsapp,,,Tanglish
Minors,whatsapp,,,English
It's my opinion,whatsapp,,,English
Elarumey athey maari opinion ah tha solraga ney,whatsapp,,,English
Dosa with sambar and boiled egg machi vaa sapduvom,whatsapp,,,English
Why da evlo sanda,whatsapp,,,Tanglish
Both side um opinion kaekanum da nithish,whatsapp,,,English
On side mattum tha crct tu solla kudathu,whatsapp,,,English
Yan side yaarum illa,whatsapp,,,Tanglish
Ne crcta na data tha na onside nikuraen <This message was edited>,whatsapp,,,English
Ithu yanna customer care ra? Satisfy thara,whatsapp,,,English
Logic illama pesatha bro,whatsapp,,,Tanglish
Danish don't argue with him,whatsapp,,,English
Na sirikura unnaku enna bro,whatsapp,,,Tanglish
Bro don't spread hate,whatsapp,,,English
This is not hate,whatsapp,,,English
Seri da ne toxic ahh irru,whatsapp,,,Tanglish
Nanu summ download panni paathe full padam,whatsapp,,,English
Enaku vote eh illa da,whatsapp,,,Tanglish
One time watch??,whatsapp,,,English
Seri piracy vendam,whatsapp,,,Tanglish
It is promised to us in 3000 years✡️,whatsapp,,,English
nithish tha case poduvan nama mela,whatsapp,,,English
500cr box office collection waiting,whatsapp,,,English
Straight from the source🥀,whatsapp,,,English
Janayagan cd enga mapla ?,whatsapp,,,Tanglish
Vettri ❌ தோல்வி ✅,whatsapp,,,Tamil
@⁨Clg Ahamed Meeran Dhanish⁩ ennanga,whatsapp,,,English
வாவ்,whatsapp,,,Tamil
Enda punda 500 kodi enga 100 million dollars enga da,whatsapp,,,Tanglish
Ithu konjam fill panuga da,whatsapp,,,Tanglish
Enna da ithu 😂,whatsapp,,,Tanglish
தெரிந்தோ... தெரியாமலோ..... இந்த ஆண்டு.... உங்கள் மனது புண்படும்படி பதிவிட்டு இருந்தாலோ பேசி இருந்தாலோ.... அது ஒரு பெரிய விசயமே இல்லை ... ஏனெனில்.... உங்க வீட்டு காலண்டர் மாறலாம்... நாட்கள் மாறலாம்... நேரங்கள் மாறலாம்... சாப்பாடு மாறலாம்... தட்பவெப்ப நிலை மாறலாம்.... ஆட்சிகள் மாறலாம்.... டிவி சேனல்கள் மாறலாம்.... நான் மாற மாட்டேன்... ஏனெனில்.... அதைத்தான் 2026 லும் செய்யப்போகிறேன்........ நட்பும் அன்பும் தொடரட்டும்... 🙏,telegram,,,Tamil
"வீட்டில் பிரிட்ஜ் இல்லாத நாட்களில் ஐஸ் வாட்டருக்காக ஏங்கி இருக்கிறேன்... இப்போது என் வீட்டிலும் ஏஸி, பிரிட்ஜ் இருக்கிறது. நம்ப மாட்டீர்கள்... வாங்கிய நாளிலிருந்து, இன்று வரை பிரிட்ஜில் வாட்டரை வைத்து குளிர்ச்சியாக்கி குடித்ததே இல்லை ... அங்குமிங்கும் பார்த்துப்பார்த்து, வீட்டில் வாங்கி வைத்த டைனிங் டேபிளில் இப்போதெல்லாம் உட்கார்ந்து சாப்பிடத் தோன்றுவதில்லை... அலுவலகம் மற்றும் வெளியிடங்களில் டேபிளில் அமர்ந்து சாப்பிட்டு அலுத்துப்போனவனுக்கு, வீட்டிலிருக்கும் போது தரையில் அமர்ந்து சாப்பிட்டால் மட்டுமே பரம திருப்தி.. சோஃபாவும் அப்படித்தான்.. பீட்ஸா, பர்கர்ன்னு என்றெல்லாம் விதவிதமான பேர்கள் சொல்லினாலும் கூட, என்ன இருந்தாலும் வாழை இலை சாப்பாட்டுக்கு இணையுண்டா' என்று கடைசியில் மனமாற்றம் அடைந்தவர்களில் நானும் ஒருவன்.. 8 GB RAM, Quardcore processor, 128 GB built-in memory என்று அனைத்துமே பார்த்து அதிக காசைப்போட்டு வாங்கிய மொபைல் போனில் வெறுமனே Facebook, WhatsAppல் மூழ்குவதை நினைத்து அவ்வப்போது சிரித்துக்கொள்வேன் ... ஆயிரம் பரிசோதனைகளைச் செய்து பார்த்த பிறகு வாங்கி வைத்தேன் ஒரு தொலைக்காட்சி பெட்டி.. ஆனால் இப்போதெல்லாம் நான் நாளொன்றுக்கு, இல்லை இல்லை .. வாரத்திற்கு ஒரு அரை மணிநேரம் டிவி பார்த்தாலே அது பெரிய விஷயம் .. கால மாற்றம் .... இப்போது கையிலேயே உலகத்தை காணும் வசதி இருக்கிறது .. அதற்காக ஒரு வருடத்திற்கு சந்தா கூட செலுத்தியாகி விட்டது... எல்லாம் இருந்தும், எதையும் சரிவர பயன்பாட்டுக்கு கொண்டு வருவதில்லை... பயன்படுத்துவதும் இல்லை ... வெத்து பந்தான்னு கூட சொல்லுவேன். அப்படித்தான் ஆகிப்போச்சி பொழப்பு ... அன்லிமிட்டட் சாப்பாட்டை வாங்கிவிட்டு அளவுச் சாப்பாடு சாப்பிடுபவனைப் போல அதை அளவாகத்தான் பயன்படுத்த முடிகிறது ... எல்லாவற்றையும் நினைத்துப்பார்த்தால்... எல்லாமே ஒரு மாயையாக தோன்றுகிறது ... இது ஒரு Duplicate வாழ்க்கை என்று நன்றாகவே உணர முடிகிறது ... வீட்டை மிதித்தவுடன் களைப்பில் 'சரி கொஞ்ச நேரம் கண்ணயரலாம்' என்ற நினைப்பில், தினசரி எனக்காகக் காத்திருக்கும் தலையனையைத்தான் கண்கள் தேடுகிறது ... இப்படியாக பல சுய பரிசோதனைகளின் வாயிலாக சில விஷயங்கள் உரைத்தன ... உணர்த்தவும் செய்தது .. இப்போது பண வரவு, சகல வசதிகளோடு இருந்தாலும், வாழ ஆசைப்படுவது என்னவோ நமது பழைய மனதுக்குப்பிடித்த நெருக்கமான வாழ்வைத்தான் ...! ஆயிரம் இருந்தும், வசதிகள் இருந்தும்.... நோ பீஸ் ஆப் மைண்ட் ... இதை படிச்சவங்களுக்கு புரியுதோ, புரியலையோ.. ஆனா அனுபவிச்சங்க இதை கண்டிப்பா உணருவாங்க ...!",telegram,,,Tamil
Happy independence 🎇 🇮🇳 day to all my dear 💗 indian brothers and sisters 🫡,telegram,,,English
"பெண்கள் ஓர் புரியாத புதிர்தான் அவர்கள் உள்ளத்தில் ஆயிரம் ரகசியங்கள் புதைந்துக் கிடக்கும் பொய்யல்ல மெய்யே பெண்கள் வெட்கத்தில் ""நாணம்"" கொண்டு தலை குனிவார்கள் துன்பம் வரும்போது ""நாணலைப்"" போல் வளைந்து நிமிர்ந்து நிற்பார்கள் வாழ்வின் பொறுமைக்கும் பெருமைக்கும் பெண்களே...!! பெண்களே நாட்டின் கண்கள் பெண்கள் வானம்பாடிப் போல் பறந்து செல்ல வாழ்த்துவோம்...!! அழுத குழந்தைக்கு அன்னை உமையாள் ஞானப் பால் ஊட்டினாள் அன்னை கலைவாணியோ கையில் வீணையுடன் தமிழ் பால் ஊட்டினாள் அன்னை பராசக்தியோ அநீதியென்றால் அஞ்சாமல் கையில் சூலாயுதமெடுத்து போரிடு என்றாள் பெண்ணே தெய்வமென்று முன்னோர்கள் சொன்னது முற்றிலும் உண்மையே.. பெண்களை போற்றி மகிழ்வோம் பெண்கள் அனைவருக்கும் மகளிர் தின நல்வாழ்த்துக்கள்...!!!",telegram,,,Tamil
"🙏நோன்பிருந்து இறைவனை வேண்டி... 🙏இல்லாதவர்களுக்கு வாரி வழங்கி..... 🥰உறவுகளுடனும், நட்புக்களுடனும் அன்பை பரிமாறி...🙏🙏 இறைவனை தொழும் நம் நண்பர்களுக்கு....💞 இனிய ரம்ஜான் பெருநாள் வாழ்த்துக்கள்.🌛🌝🙏🙏",telegram,,,Tamil
"Sema story. Frds நாட்டை ஆண்டுகொண்டிருந்த மன்னருக்குத் திடீரென ஒரு சந்தேகம் உதித்தது. உடனடியாக அமைச்சரை வரவழைத்தார். “நான் இந்த நாட்டை இவ்வளவு நன்றாகவும், புத்திசாலித்தனத்துடனும் ஆண்டு வருகிறேன், ஆனால் இந்த நாட்டிலும் முட்டாள்கள் இருப்பார்கள் அல்லவா?” “ஆம் மன்னா!” “அப்படியானால் அவர்களில் முதல் ஐந்து முட்டாள்கள் யார்?? அவர்களைத் தேடிக் கண்டுபிடித்துக் கூட்டிக் கொண்டு வருவது உம் பொறுப்பு” என்றார். அமைச்சருக்கு ஒன்றுமே புரியவில்லை, புத்திசாலியைக் கொண்டு வரச் சொன்னால் ஏதாவது போட்டி வைத்து வெற்றியாளரைக் கொண்டு வரலாம். முட்டாளைக் கொண்டு வரச் சொன்னால்?? என்ன செய்வது சொன்னது மன்னராயிற்றே, “சரி மன்னா” என்று ஒத்துக் கொண்டார். ஒரு மாதம் நாடு முழுவதும் பயணம் செய்து இரண்டுபேரை மட்டும் கூட்டிக்கொண்டு வந்தார். அதைப் பார்த்ததும் மன்னர், “அமைச்சரே உமக்குக் கணிதம் மறந்து விட்டதோ??” “இல்லை மன்னா! முதலில் நடந்ததை விளக்க அனுமதிக்க வேண்டும்!” என்றார் அமைச்சர். “தொடரும்” என்றார் மன்னர். “மன்னா! நான் நாடு முழுவதும் சுற்றும்போது, இவன் மாட்டு வண்டியின்மேல் அமர்ந்துகொண்டு தன் துணி மூட்டையைத் தலைமேல் வைத்து, பயணம் செய்து கொண்டிருந்தான், ஏன் அவ்வாறு செய்கிறாய்? எனக் கேட்டதற்கு என்னைச் சுமந்து செல்லும் மாடுகளுக்கு வலிக்கக்கூடாதல்லவா? அதற்குத்தான் என்றான் – இவன்தான் நம் நாட்டின் ஐந்தாவது மிகப் பெரிய முட்டாள்.”’ என்றார் அமைச்சர். “சரி அடுத்து” “இதோ இவன் தன் வீட்டுக் கூரைமேல் வளர்ந்த புல்லை மேய்க்க, எருமையைக் கூரைமேல் இழுத்துக் கொண்டிருந்தான், இவன்தான் நம் நாட்டின் நான்காவது மிகப் பெரிய முட்டாள்” “களிப்படைந்தோம் அமைச்சரே! களிப்படைந்தோம்! சரி, எங்கே அடுத்த முட்டாள்?” “அரசவையில் தீர்க்கப்பட வேண்டிய பிரச்சினைகள் எவ்வளவோ இருக்கும்போது, அதையெல்லாம் விட்டுவிட்டு முட்டாள்களைத் தேடி, கடந்த ஒரு மாதமாய் அலைந்துகொண்டிருந்த நான்தான் மூன்றாவது முட்டாள்.” மன்னருக்குச் சிரிப்பு தாங்கவில்லை, விழுந்து விழுந்து சிரித்தார். பின்னர் “அடுத்தது” என்றார். ””நாட்டில் எவ்வளவோ பிரச்சினைகள் இருக்கும்போது அதைக் கவனிக்காமல் முட்டாள்களைத் தேடிக் கொண்டிருக்கும் நீங்கள்தான் இரண்டாவது” என்றார் அமைச்சர். ஒரு நிமிடம் அரசவையே ஆடிவிட்டது. யாரும் எதுவும் பேசவில்லை. “உமது கருத்திலும் நியாயம் உள்ளது. நான் செய்ததும் தவறுதான்” என ஒத்துக் கொண்டார் மன்னர். “சரி எங்கே முதலாவது முட்டாள்?” அமைச்சர் சொன்னார்.”மன்னா! அலுவலகத்திலும், வீட்டிலும் எவ்வளவோ வேலைகள் இருந்தாலும் அதையெல்லாம் விட்டுவிட்டு social media thaan குடியென வாழ்ந்து இந்த மொக்கையான கதையை மிக சுவாரசியமாக வாசித்துக்கொன்டு நாட்டின் மிகப் பெரிய முட்டாள் யாரென்று தேடி படித்துகொண்டிருக்கிறாரே இவர்தான் அந்த முதல் முட்டாள்!” அடடா அடடா அடடடடடடடா கக்கக்க போ😀😀😀😀😀😀😀😛😛😛😛😛",telegram,,,Tamil
"*சொன்னா நம்பமாட்டீங்க.* *ஆனா இது ஓர் உண்மை சம்பவம் தான்* *நான் ஒரு கர்ப்பினி பெண்ணை எட்டி உதைச்சுட்டேன்..☹️* ..... ...... ..... ..... . *என்ன..? 😳* ....... ....... ....... . *ஆமா, எங்கம்மா வயித்துல நான் குழந்தையா இருந்த போது.. 🏃🏃*",telegram,,,Tamil
#chocolateday வாச்சேனு சாக்லேட் ஒண்ணு வாங்கி கைல குடுத்தா... இன்னொரு சாக்லேட் தாங்க எம்பையனுக்குனு கேட்டு வாங்கிட்டு போறா தம்பி...,telegram,,,Tamil
அனைவருக்கும் இனிய புத்தாண்டு நல்வாழ்த்துக்கள்🥳🥳,telegram,,,Tamil
#new year resolution,telegram,,,English
"மாணவி: சார், தமிழர்கள் தீபாவளியை எதற்குக் கொண்டாடுகிறார்கள்? ஆசிரியர்: எதற்காக கேட்கிறாய்? மாணவி: தமிழ்ச் சங்க காலத்தில் இங்கு தீபாவளி கொண்டாடப்பட்டதாகத் தெரியவில்லை. அதற்கான எந்தக் குறிப்பும் இலக்கியத்தில் இல்லை. ஆசிரியர்: அதனால் என்ன? மாணவி: இப்போது நாம் மட்டும் கொண்டாடுகிறோமே ஏன்? ஆசிரியர்: கிருஸ்தவர்கள் கிறிஸ்மஸ் கொண்டாடுகிறார்கள். இஸ்லாமியர்கள் மிலாடி நபி கொண்டாடுகிறார்கள். அதைப் போலத்தான் இதுவும். மாணவி: தமிழர்களின் பண்டிகைப் பற்றிப் பேசும்போது நீங்கள் மற்ற மதத்தின் பண்டிகைகள் பற்றி பேசுறீங்களே?! அப்படினா தீபாவளி தமிழர்களின் பண்டிகை இல்லை என்பது தெளிவாகிறது. அது இந்துமத பண்டிகை என்று புரிகிறது. ஆசிரியர்: 🥺 மாணவி: சரி, கிறிஸ்துமஸ் கிறிஸ்து பிறந்த நாள், மிலாடி நபி முகமதுநபி பிறந்தநாள். தீபாவளி யாருடைய பிறந்த நாள் சார்? ஆசிரியர்: தீபாவளி - நரகாசுரன் கொல்லப்பட்ட நாள். மாணவி: 🤔 மற்ற மதத்தவர்கள் தங்கள் மதத் தலைவர்களின் பிறந்த நாளைக் கொண்டாடும் போது இந்துமதம் மட்டும் நரகாசுரனின் இறந்த தினத்தை ஏன் இவ்வளவு ஆடம்பரமாகக் கொண்டாடுகிறது? ஆசிரியர்: நரகாசுரன் என்கிற கருப்பான பயங்கரமான அசுரன், பார்ப்பனர்கள் யாகம் செய்யவிடாமல் தடுத்தான். அதனால் பார்ப்பனர்களும் தேவர்களும், பகவானிடம் சென்று முறையிடவே கிருஷ்ண அவதாரம் எடுத்து நரகாசுரனை கொன்றாராம். மாணவி: இந்தக்கதையில் பார்ப்பனர்கள் என்பது யாரென்று புரிகிறது சார். பார்ப்பனர்கள் இன்றும் கூட இருக்கிறார்கள். அப்படியானால் அந்த அசுரர்கள் யார்? எங்கு இருக்கிறார்கள்? ஆசிரியர்: புராணங்களில் வரும் வருணனைகளை வைத்துப் பார்த்தால் பெரும்பாலான அசுரர்கள் என்பவர்கள் தமிழர்கள் தான். மாணவி: அப்படியானால் தீபாவளி பார்ப்பனர்களின் வெற்றி விழா. தமிழர்களை வீழ்த்திய நாள் 😾😾 ஆசிரியர்: 🥺 மாணவி: பார்ப்பனர்களுக்கு ஆதரவாக தமிழர்களை அழித்தக் கடவுள் எப்படி தமிழர்களுக்கு கடவுளாவார்? பிராமணர்கள் தங்களைக் காத்த அந்தப் பிராமணக் கடவுளை நினைத்து பெருமையுடன் தீபாவளி கொண்டாடலாம். ஆனால் தமிழர்களான நாம் நம் தன்மானத்தை இழந்து எப்படி தீபாவளியை கொண்டாட முடியும்? இது நமக்கு அவமானம் இல்லையா! ஆசிரியர்: 🥺 மாணவி: நரகாசுரனின் பிறந்த நாளை அல்லவா தமிழர்கள் விமரிசையாகக் கொண்டாடவேண்டும். ஆசிரியர்: நரகாசுரனின் பிறந்த நாள் தான் தெரியாதே?! மாணவி: நரகாசுரன் இறந்த நாளைக் கண்டுபிடித்த ஆரியப் வைதீக மதத்திற்கு அவரின் பிறந்த நாள் தெரியாதா? இது அயோக்கியத்தனமில்லையா? தமிழ் அறிஞர்கள் என்று கூறிக் கொள்பவர்கள் ஏன் இதுபற்றி ஒருபோதும் பேசியதில்லை? ஏன் சார் ? ஆசிரியர்: 🥺 உனக்கு ஏம்மா இவ்ளோ கோவம்? மாணவி: இனிவரும் தலைமுறைக்காவது சரியான விளக்கத்தைச் சொல்லி இனமானமிக்க தமிழர்களை உருவாக்க வேண்டும் சார்! ஆசிரியர்: நீ சொல்வது சரி தான் மா.🥺🥺🤔 தீபாவளிக்கு ஏன் திராவிட தலைவர்கள் வாழ்த்து சொல்லுவதில்லை என்பதற்கான விளக்கம் தான் இந்த பதிவு. இனிய வணக்கம் உறவுகளே 🙏🙏🙏 -பகிர்வு-",telegram,,,Tamil
Follow the தமிழ் காமெடி Memes 😜 😂 😜 channel on WhatsApp:,telegram,,,English
தமிழ் காமெடி memes😜😂😜 King of Quality,telegram,,,Tamil
"மூவர்ன கொடியை கையில் ஏந்தி கொண்டாடும் என் மகனே... துகிலுரிந்து அம்மனமாய் தொருவில் கிடக்கும் உன் பாரத தாயின் மானம் காக்க அக்கொடியை சற்று கொடு, என் அம்மன உடம்பை மறைத்துக்கொள்ள... 😢 மூவர்ணத்தை முகத்தில் பூசிக்கொண்டு முகநூலில் தேசபற்றை பறைசாற்றும் சகோதரா... பூசிய வண்ணத்தில் மிச்சத்தையாவது கொடு.. என் அம்மன உடம்பை வர்ணம் பூசி மறைத்துக்கொள்கிறேன். 😢 உங்கள் படோடோபமான சுதந்திர ஊர்வலத்தின் ஒரு ஓரத்தில் ஆடையின்றி அம்மனமாய் அநாதையாக நிற்க்கும் என்னை கண்டுகொண்டால் நீயே இந்த பாரதமாதாவின் தவப்புதல்வன். #காசுப்பூர்(மணிப்பூர்)",telegram,,,Tamil
"100 பேர் தங்கும் விடுதியில் தினமும் காலை டிபனில் *உப்புமா* பரிமாறப்பட்டது. *அந்த 100 பேரில், 80 பேர் தினமும் உப்புமாவுக்குப் பதிலாக வேறு டிபன் செய்ய வேண்டும்* என்று புகார் கூறி வந்தனர். ஆனால், மற்ற 20 பேரும் உப்புமா சாப்பிட்டு மகிழ்ந்தனர். *மீதமுள்ள 80 பேர் உப்புமாவைத் தவிர வேறு ஏதாவது சமைக்க விரும்பினர்.* இந்த குழப்பமான சூழ்நிலையில் சில முடிவு எடுக்க வேண்டியிருப்பதால், விடுதி வார்டனால், *வாக்களிக்கும் முறை முன்மொழியப்பட்டது.* இதன்படி *எந்த டிபன் அதிக வாக்குகளைப் பெறுகிறதோ அந்த டிபன் அன்றைய தினம் சமைக்கப்படும்.* *உப்புமா விரும்பும் 20 மாணவர்கள் துல்லியமாக வாக்களித்தனர்*. *மீதமுள்ள 80 பேர்* கீழ்க்கண்டவாறு வாக்களித்தனர். 18 பேர் மசாலா தோசை 16 பேர் ஆலு பரோட்டா & தாஹி 14 பேர் ரொட்டி & சப்ஜி 12 பேர் ரொட்டி & வெண்ணெய் 10 பேர் நூடுல்ஸ் 10 பேர் இட்லி சாம்பார் எனவே, *வாக்களிப்பு முடிவுகளின்படி, உப்புமா அதிக எண்ணிக்கையிலான வாக்குகளைப் பெற்றது*, அதனால், *ஒவ்வொரு நாளும் அதுவே வழங்கப்படுகிறது.* பாடம்: *மக்கள் தொகையில் 80% சுயநலவாதிகளாகவும், பிளவுபட்டவர்களாகவும், சிதறடிக்கப்பட்டவர்களாகவும் இருக்கும் வரை*, *20% பேர் நம்மை ஆளுவார்கள். இது ஒரு மௌன செய்தி. #படித்ததில்_பிடித்தது பிரதி// இது அரசியல் பதிவு இல்லை என்று சொன்னா நம்பவா போறியள்🤪",telegram,,,Tamil
"தோனி - அவனை அறிந்தவன்! ஒருவனின் பலமே தனது பலத்தை காட்டிலும் பலவீனத்தை முழுமையாக அவன் அறிந்து வைத்துக் கொள்வது தான், ஆம் தன் பலஹீனம் என்னவென்று தோனிக்கு நன்றாகவே தெரிந்திருக்கிறது 2023 ஐபில் சீசனில் மொத்தம் 16 போட்டிகளில் சென்னை அணி விளையாடியிருக்கிறது, ஒவ்வொரு போட்டியிலும் மைதானத்தில் கூடி இருந்த ரசிகர் கூட்டம் தோனியின் ஆட்டத்தை காணவே காத்து கிடந்தது இதற்கு முன்பு வரை தோனி என்றாலே பேட்டிங்கில் தனது அதிரடி ஆட்டத்தால் கிரிக்கெட் ரசிகர்களையே வியப்பில் ஆழ்த்துவார் என்றிருக்க இந்த சீசனில் அதே தோனி பேட்டிங் செய்யவே கொஞ்சம் தயக்கம் காட்டினார் என்பது தான் உண்மை, 16 போட்டிகளையும் கணக்கில் கொண்டால் தோனி சந்தித்த பந்துகள் என்னவோ வெறும் 100+ மட்டுமே... இந்தியாவின் எந்த மூலையில் சென்னை ஆடினாலும் தோனியின் ஆட்டத்தை காண ரசிகர் கூட்டம் கூடி ஆர்ப்பரித்தது, தனது பேட்டிங்கை காண ரசிகர்கள் ஆவலாக இருக்கிறார்கள் என்று அவனுக்கு நன்றாகவே தெரியும் ஆனாலும் முன் கூட்டியே இறங்கி தனது பலாக்கிரமத்தை அதிரடி ஆட்டத்தை வெளிப்படுத்த தோனி துளியும் முயற்சிக்கவில்லை அதற்கான காரணத்தை தோனியே இந்த சீசனின் போட்டி ஒன்றின் இறுதியில் கேட்கப்பட்ட வேறு கேள்வி ஒன்றுக்கு பதிலாக வெளிப்படுத்தி இருந்தான் ""நான் சர்வதேச கிரிக்கெட் போட்டிகளிலிருந்து ஓய்வு பெற்றுவிட்ட பிறகு பயிற்சி செய்வதும் இல்லை இந்த ஐபில் சீசனுக்காக கூட மார்ச் மாதத்தில் தான் பயிற்சியை தொடங்கினேன் "" தோனி மேற்கூறிய பதிலில் தான் அவன் ஏன் பேட்டிங்கில் முன் கூட்டியே இறங்கி வழமையாக செய்யும் அதிரடி எதற்கும் முயற்சி செய்யாது கிடைத்த கடைசி சொற்ப பந்துக்களில் ஓரிரு சிக்ஸர்களை விளாசி ரன்களை சேர்த்து அணியை ஒருங்கிணைத்து திறனாக வழி நடத்தி ஆட்டத்தின் வெற்றியில் மட்டுமே குறியாக இருந்ததற்கான காரணமும் இருக்கிறது ரோஹித் போல எத்தனை முறை பூஜ்ஜியத்தில் அவுட் ஆனாலும் ஓப்பனிங் மட்டுமே செய்வேன் என்று அடம் பிடிக்காமல் ரசிகர்களின் எதிர்பார்ப்புகளுக்கு இசைந்து சொதப்பாமல் தனது பலஹீனத்தை நன்கு அறிந்து எச்சூழலிலும் அது வெளிப்பட்டு அணியின் தோல்விக்கு காரணமாக அமைந்து விடக்கூடாது என்று இயங்கிய தோனியின் முதிர்ச்சி 2023 ஐபில் போட்டியின் சாம்பியன் அணியாக, 5 முறை சாம்பியன் வென்ற அணியாக, இதுவரை சென்னை அணி பங்கேற்ற 14 போட்டிகளில் 10 முறை இறுதி சுற்றுக்கு தகுதி பெற்ற அணியாக CSK அணியை உச்சியில் தூக்கி நிறுத்தியிருக்கிறது Hatsoff DHONI the mighty. ❤️",telegram,,,Tamil
நீ சும்மா இரு தல உனக்கு ஒரு சுன்னியும் தெரியாது😂,instagram,,,Tamil
View all 12 replies,instagram,,,English
அஜித் சொன்னா கேட்டுப்போம். ஆனா கண்ட நாய்க்கு எல்லாம் ஓட்டு மட்டும் போட மாட்டோம்,instagram,,,Tamil
View all 56 replies,instagram,,,English
"அஜித் fan இல்லை, சுயசிந்தனை fan🔥",instagram,,,Tamil
View all 1 replies,instagram,,,English
Enga annanukku onuna enga annan yae adipom da .!😂🔥🙌,instagram,,,Tanglish
View all 2 replies,instagram,,,English
இப்படி பச்சப்பிள்ளையை வளந்துருக்கியே தல 😂,instagram,,,Tamil
அஜித்துக்கு ஒண்ணுனா அஜித்தையே போடுவோம் 😂🔥,instagram,,,Tamil
கமெண்ட் பார்த்தால் சிரிப்பா இருக்குடா 😂😂😂,instagram,,,Tamil
heaven_life_69,instagram,,,English
1w · Edited,instagram,,,English
உன் மனசுக்கு நீ நல்லது தான் தல நெனைப்ப.. ஆனா அந்த நாய்க்கு ஓட்டு போட மாட்டோம் 😂😂😂😂😂,instagram,,,Tamil
View all 9 replies,instagram,,,English
View all 3 replies,instagram,,,English
மறக்கவும் மாட்டோம் மன்னிக்கவும் மாட்டோம்,instagram,,,Tamil
தல : இவனுங்க வேற 😂😂,instagram,,,Tamil
achuthan_pictography,instagram,,,English
"@praveen_leo_14 ivanum ipdithan.... Cc: @mantek_mani, @ae_santhosh, @suriya_kb, @santhosh_tjsk",instagram,,,English
About,instagram,,,English
Terms,instagram,,,English
Locations,instagram,,,English
Threads,instagram,,,English
Contact Uploading & Non-Users,instagram,,,English
English,instagram,,,English
pavithra_2kchennai,instagram,,,English
View all 4 replies,instagram,,,English
Already ஒருத்தன் விபூதி அடிச்சிட்டான்🙃✨📈😢,instagram,,,Tamil
Vibuthi adichathe avvan than dawww 😞,instagram,,,English
Already adichitaga bro 😂 ithula neega neega vera,instagram,,,Tanglish
⚜️ யாமிருக்க பயமேன்,instagram,,,Tamil
papu_preethi,instagram,,,English
santhosh_vijayfan2012,instagram,,,English
ஓம் முருகா போற்றி 😭😭😭😭,instagram,,,Tamil
thevishwasj__,instagram,,,English
chocolate_brown_03,instagram,,,English
hearty___siva,instagram,,,English
February 10,instagram,,,English
_sxnthx_22,instagram,,,English
Aayirathil oruvan,instagram,,,English
the_nerd_man_,instagram,,,English
venkatesh_moorthy_,instagram,,,English
captainmighty_0605,instagram,,,English
_being.harish_,instagram,,,English
கடைசி விவசாயி ❤️,instagram,,,Tamil
