text,platform,video_id,likes,timestamp,is_reply,label,severity
Anyone in 2026😂,youtube,DZbrZbeqvGU,38,3 months ago,False,,
2026 la yaarulam paakuringa...✋️,youtube,DZbrZbeqvGU,32,3 months ago,False,,
Yaru laa 2025 paakkueiya 😁,youtube,DZbrZbeqvGU,198,1 year ago,False,,
2024  Yaarellam paakkuringa.....?,youtube,DZbrZbeqvGU,623,2 years ago,False,,
Gopi bro ku crct ah deepa get up match aaguthu 😂like if u agree ,youtube,DZbrZbeqvGU,2.5k,8 years ago (edited),False,,
2021 la யார் எல்லாம் பாக்கிறீங்க,youtube,DZbrZbeqvGU,2.5k,5 years ago,False,,
Sudhakar Oda expression tha vera level 🤣🤣🤣,youtube,DZbrZbeqvGU,296,5 years ago,False,,
3:11 Vera level 😂😂🔥🔥,youtube,DZbrZbeqvGU,63,4 years ago,False,,
Sudhagar the best teacher expression 😄😄😄,youtube,DZbrZbeqvGU,833,7 years ago,False,,
Sudhakar as school teacher 👍👏👏super!!,youtube,DZbrZbeqvGU,783,8 years ago,False,,
2 varusam kalichi pathalum semmaya irukke pa,youtube,DZbrZbeqvGU,1.4k,6 years ago,False,,
"6:40   thambi ayyavum inimel atathula iruken...😂😂😂😂😂
sudhakar reaction.....🔥🔥",youtube,DZbrZbeqvGU,75,4 years ago,False,,
2020 la parkurangalam like podunga..✌️,youtube,DZbrZbeqvGU,886,6 years ago,False,,
"யப்பா சாமி டேய்.... முடியல... சிரிச்சு சிரிச்சு வயிறு வலிக்குது.. 😂😂😂 பிரமாதம்.
எனக்கு ரொம்ப பிடிச்சது ""எவென் என்னைய அடிச்சானோ..."" ",youtube,DZbrZbeqvGU,525,8 years ago (edited),False,,
My only stress buster is gopi sudhaakar ' shows...,youtube,DZbrZbeqvGU,874,8 years ago (edited),False,,
3:37 +2mark instead -2mark true fact bro,youtube,DZbrZbeqvGU,36,4 years ago,False,,
4:55 valikithu da 😂,youtube,DZbrZbeqvGU,27,5 years ago,False,,
1:56 sugama iruka.. sugama irukaa,youtube,DZbrZbeqvGU,129,8 years ago (edited),False,,
9:39 ella eruma madum varisila va🤣🤣,youtube,DZbrZbeqvGU,82,6 years ago,False,,
6:10  kuyil maari...yaa..😂🤣🤣🔥,youtube,DZbrZbeqvGU,24,4 years ago,False,,
Meee😅,youtube,DZbrZbeqvGU,1,1 month ago,True,,
Me July 2025,youtube,DZbrZbeqvGU,2,9 months ago,True,,
2026,youtube,DZbrZbeqvGU,2,3 months ago,True,,
Me,youtube,DZbrZbeqvGU,1,1 year ago,True,,
Me 😂😂😂,youtube,DZbrZbeqvGU,1,11 months ago,True,,
Me 😂😂,youtube,DZbrZbeqvGU,1,7 months ago,True,,
Nov 2025,youtube,DZbrZbeqvGU,1,5 months ago,True,,
Na 2026 ya,youtube,DZbrZbeqvGU,0,3 months ago,True,,
I am😂,youtube,DZbrZbeqvGU,2,2 years ago,True,,
Na paakkuraa,youtube,DZbrZbeqvGU,2,2 years ago,True,,
31st may 2024,youtube,DZbrZbeqvGU,2,1 year ago,True,,
Me from Malaysia,youtube,DZbrZbeqvGU,1,2 years ago,True,,
நானும் இப்ப தான் பார்த்தேன்,youtube,DZbrZbeqvGU,1,1 year ago,True,,
iam,youtube,DZbrZbeqvGU,1,1 year ago,True,,
Anytime u watch 100% laughter guarantee,youtube,DZbrZbeqvGU,1,1 year ago,True,,
🙋‍♂️,youtube,DZbrZbeqvGU,1,1 year ago,True,,
Yes,youtube,DZbrZbeqvGU,1,1 year ago,True,,
List eduthu enna omba pooriyaa😂,youtube,DZbrZbeqvGU,1,1 year ago,True,,
Watching 2025 😂,youtube,DZbrZbeqvGU,1,1 year ago,True,,
2025😅😂,youtube,DZbrZbeqvGU,1,1 year ago,True,,
Naan,youtube,DZbrZbeqvGU,0,2 years ago,True,,
Me😅,youtube,DZbrZbeqvGU,0,2 years ago,True,,
Me also 😂😂,youtube,DZbrZbeqvGU,0,1 year ago,True,,
Yes iam,youtube,DZbrZbeqvGU,0,1 year ago,True,,
ஆமாஆமா,youtube,DZbrZbeqvGU,11,8 years ago,True,,
தீபா நடிப்பு சூப்பர்,youtube,DZbrZbeqvGU,3,6 years ago,True,,
Justin Ronaldo correctly said,youtube,DZbrZbeqvGU,2,6 years ago,True,,
Yes bro after a long time indha videos pakkuran but bore akkala semma acting both of them 🔥😎😍,youtube,DZbrZbeqvGU,2,6 years ago,True,,
Justin Ronaldo yo andha aalukku enna getup pottalum semmaya irukku ya,youtube,DZbrZbeqvGU,95,8 years ago,True,,
" @isthisnvn  aama bro 
Correct",youtube,DZbrZbeqvGU,2,5 years ago,True,,
Who is deepa,youtube,DZbrZbeqvGU,1,1 year ago,True,,
Yes bro crct thaan.,youtube,DZbrZbeqvGU,16,8 years ago,True,,
Sudhakar yaru role ?,youtube,DZbrZbeqvGU,0,5 years ago,True,,
"Tamilisai, hraha, nithi,deepa எல்லா கெட்டப்பும் செட் ஆவுதே எப்படிப்பா...",youtube,DZbrZbeqvGU,10,7 years ago,True,,
Nanum,youtube,DZbrZbeqvGU,8,4 years ago,True,,
 @kalaivanik3466  ohh😇,youtube,DZbrZbeqvGU,5,4 years ago,True,,
 @kalaivanik3466  today watching bro,youtube,DZbrZbeqvGU,3,4 years ago,True,,
Me 🙏👸,youtube,DZbrZbeqvGU,4,4 years ago,True,,
 @ammaponnu390  today watching,youtube,DZbrZbeqvGU,0,4 years ago,True,,
Today bro,youtube,DZbrZbeqvGU,3,4 years ago,True,,
Yenda ella vedio la yum ipidi  oruthan irukeenga,youtube,DZbrZbeqvGU,3,4 years ago,True,,
 @b.meeradevi7426  Ha ha ha,youtube,DZbrZbeqvGU,0,4 years ago,True,,
Hmm ok friends,youtube,DZbrZbeqvGU,2,4 years ago,True,,
Na bro,youtube,DZbrZbeqvGU,2,4 years ago,True,,
💔,youtube,DZbrZbeqvGU,2,4 years ago,True,,
Vera level bro,youtube,DZbrZbeqvGU,2,4 years ago,True,,
Nanum bro,youtube,DZbrZbeqvGU,2,4 years ago,True,,
I am bro,youtube,DZbrZbeqvGU,2,4 years ago,True,,
 @nandhas8375  ok,youtube,DZbrZbeqvGU,0,4 years ago,True,,
2021,youtube,DZbrZbeqvGU,2,4 years ago,True,,
I am always watching 👀,youtube,DZbrZbeqvGU,2,4 years ago,True,,
Today,youtube,DZbrZbeqvGU,2,4 years ago,True,,
Today watching bro,youtube,DZbrZbeqvGU,2,4 years ago,True,,
Today watching,youtube,DZbrZbeqvGU,2,4 years ago,True,,
2022 now watching,youtube,DZbrZbeqvGU,2,4 years ago,True,,
2021 la yaarlam piranthinga,youtube,DZbrZbeqvGU,2,4 years ago,True,,
2022 la,youtube,DZbrZbeqvGU,2,4 years ago,True,,
Bro 2023 😂,youtube,DZbrZbeqvGU,2,2 years ago,True,,
 @murugavela6080  io,youtube,DZbrZbeqvGU,0,4 years ago,True,,
 @murugavela6080  ook,youtube,DZbrZbeqvGU,0,4 years ago,True,,
Now watching😁,youtube,DZbrZbeqvGU,1,4 years ago,True,,
🙋,youtube,DZbrZbeqvGU,1,4 years ago,True,,
In,youtube,DZbrZbeqvGU,1,4 years ago,True,,
𝒎𝒆𝒆,youtube,DZbrZbeqvGU,1,4 years ago,True,,
Seri ippo enna panna solra,youtube,DZbrZbeqvGU,1,4 years ago,True,,
3 time watching,youtube,DZbrZbeqvGU,1,4 years ago,True,,
 @karmukillan.d9963  ok friends,youtube,DZbrZbeqvGU,0,4 years ago,True,,
Now watching,youtube,DZbrZbeqvGU,1,4 years ago,True,,
Today's shows this YouTube recommended,youtube,DZbrZbeqvGU,1,4 years ago,True,,
 @Rajrohith2005  you playing freefire,youtube,DZbrZbeqvGU,1,4 years ago,True,,
Me😂,youtube,DZbrZbeqvGU,1,4 years ago,True,,
Naanu,youtube,DZbrZbeqvGU,1,4 years ago,True,,
haha me to,youtube,DZbrZbeqvGU,1,4 years ago,True,,
Naanum broooo🔥🎉,youtube,DZbrZbeqvGU,1,4 years ago,True,,
Stress buster for me!!,youtube,DZbrZbeqvGU,1,4 years ago,True,,
Na,youtube,DZbrZbeqvGU,1,4 years ago,True,,
I watched in 2017,youtube,DZbrZbeqvGU,1,4 years ago,True,,
I AM,youtube,DZbrZbeqvGU,1,4 years ago,True,,
Le me,youtube,DZbrZbeqvGU,1,4 years ago,True,,
Meee,youtube,DZbrZbeqvGU,1,4 years ago,True,,
Me to,youtube,DZbrZbeqvGU,1,4 years ago,True,,
Now I am watching this video,youtube,DZbrZbeqvGU,1,4 years ago,True,,
😂... Bro 2021tha videove upload pannirukkaanga 😂,youtube,DZbrZbeqvGU,1,4 years ago,True,,
 @MassCreations-dd3zf no.bro intha video 2017 la upload pannaanga,youtube,DZbrZbeqvGU,0,4 years ago,True,,
Boomer uncle,youtube,DZbrZbeqvGU,1,4 years ago,True,,
NAA PAAKKREN,youtube,DZbrZbeqvGU,1,4 years ago,True,,
2022,youtube,DZbrZbeqvGU,1,4 years ago,True,,
 @soultube7199  hi bro nanum ipa than pathen,youtube,DZbrZbeqvGU,0,4 years ago,True,,
Athu eppadi 11 months ku munnadiye potrukingaa???,youtube,DZbrZbeqvGU,1,4 years ago,True,,
I'm,youtube,DZbrZbeqvGU,1,4 years ago,True,,
Naa 2022 la pakuren,youtube,DZbrZbeqvGU,1,4 years ago,True,,
06.01.2022,youtube,DZbrZbeqvGU,1,4 years ago,True,,
"I am watching in 2022,as well.",youtube,DZbrZbeqvGU,1,4 years ago,True,,
2022 bro😂,youtube,DZbrZbeqvGU,1,4 years ago,True,,
2022 ya.. 😂,youtube,DZbrZbeqvGU,1,4 years ago,True,,
2022 la naan pakkurean,youtube,DZbrZbeqvGU,1,4 years ago,True,,
2/4/2022,youtube,DZbrZbeqvGU,1,4 years ago,True,,
2022 here,youtube,DZbrZbeqvGU,1,4 years ago,True,,
I am from 2022,youtube,DZbrZbeqvGU,1,4 years ago,True,,
Ok friends,youtube,DZbrZbeqvGU,1,3 years ago,True,,
2022 pakkiren,youtube,DZbrZbeqvGU,1,3 years ago,True,,
ithu oru pollapu,youtube,DZbrZbeqvGU,1,3 years ago,True,,
2023 watching,youtube,DZbrZbeqvGU,1,3 years ago,True,,
 @rejeeshp8592  ok friend,youtube,DZbrZbeqvGU,0,3 years ago,True,,
2023 la pakuren bro,youtube,DZbrZbeqvGU,1,2 years ago,True,,
I’m 2024😂,youtube,DZbrZbeqvGU,1,2 years ago,True,,
🙋🏻‍♂️🙋🏻‍♂️,youtube,DZbrZbeqvGU,0,4 years ago,True,,
👇🙋🙋,youtube,DZbrZbeqvGU,0,4 years ago,True,,
I m,youtube,DZbrZbeqvGU,0,4 years ago,True,,
OK friends,youtube,DZbrZbeqvGU,0,4 years ago,True,,
Thevudiaa payala indha maathiri comment panratha niruththungadaa,youtube,DZbrZbeqvGU,0,4 years ago,True,,
0🤣,youtube,DZbrZbeqvGU,0,4 years ago,True,,
My,youtube,DZbrZbeqvGU,0,4 years ago,True,,
Naan paapan,youtube,DZbrZbeqvGU,0,4 years ago,True,,
Yaar patha onnaku enna,youtube,DZbrZbeqvGU,0,4 years ago,True,,
🤣🤣🤣🤣 nanu Bro,youtube,DZbrZbeqvGU,0,4 years ago,True,,
Kirinju da nee,youtube,DZbrZbeqvGU,0,4 years ago,True,,
It's 2022,youtube,DZbrZbeqvGU,0,4 years ago,True,,
I am from 2022😂,youtube,DZbrZbeqvGU,0,4 years ago,True,,
2022 la pakkkura...,youtube,DZbrZbeqvGU,0,4 years ago,True,,
2022la,youtube,DZbrZbeqvGU,0,4 years ago,True,,
2022 le pakuren 😂😂😂,youtube,DZbrZbeqvGU,0,4 years ago,True,,
Naan 2022,youtube,DZbrZbeqvGU,0,4 years ago,True,,
I'm from future 2022 la pakran bro 🤩🤣,youtube,DZbrZbeqvGU,0,4 years ago,True,,
Iam 2022😅,youtube,DZbrZbeqvGU,0,4 years ago,True,,
2022 la naa pakkiren,youtube,DZbrZbeqvGU,0,4 years ago,True,,
Nan 2022 la pakuren pa,youtube,DZbrZbeqvGU,0,4 years ago,True,,
Watching in 2023,youtube,DZbrZbeqvGU,0,4 years ago,True,,
Watching in 2022,youtube,DZbrZbeqvGU,0,4 years ago,True,,
Bro this is 2022,youtube,DZbrZbeqvGU,0,4 years ago,True,,
2022 la kuda pakara,youtube,DZbrZbeqvGU,0,4 years ago,True,,
I am in 2022,youtube,DZbrZbeqvGU,0,4 years ago,True,,
😄,youtube,DZbrZbeqvGU,0,4 years ago,True,,
2022 la Paakuren a,youtube,DZbrZbeqvGU,0,4 years ago,True,,
2022 la watching,youtube,DZbrZbeqvGU,0,4 years ago,True,,
I'm In 2021 😆,youtube,DZbrZbeqvGU,0,4 years ago,True,,
2022 yaarellam pakuringa,youtube,DZbrZbeqvGU,0,4 years ago,True,,
I am 2022. Se.. watching...,youtube,DZbrZbeqvGU,0,4 years ago,True,,
2022❤️,youtube,DZbrZbeqvGU,0,4 years ago,True,,
2022 bro,youtube,DZbrZbeqvGU,0,4 years ago,True,,
Mᴇ 2022,youtube,DZbrZbeqvGU,0,4 years ago,True,,
2022 la pakren niinga vera,youtube,DZbrZbeqvGU,0,4 years ago,True,,
Today i watching,youtube,DZbrZbeqvGU,0,4 years ago,True,,
2022 😂,youtube,DZbrZbeqvGU,0,4 years ago,True,,
2022 I am watching,youtube,DZbrZbeqvGU,0,4 years ago,True,,
2022 la pro,youtube,DZbrZbeqvGU,0,4 years ago,True,,
nan 2022 bro,youtube,DZbrZbeqvGU,0,4 years ago,True,,
 @mickeldinesh2894  ok friends,youtube,DZbrZbeqvGU,0,4 years ago,True,,
I am watching 2022 😎,youtube,DZbrZbeqvGU,0,4 years ago,True,,
Annaa naa 2022 😂😂😂,youtube,DZbrZbeqvGU,0,3 years ago,True,,
Illa bro na 2022 la tha paatha,youtube,DZbrZbeqvGU,0,3 years ago,True,,
Naa 2022la pakkara da ne irukaya ippa😂,youtube,DZbrZbeqvGU,0,3 years ago,True,,
I'm from 2022,youtube,DZbrZbeqvGU,0,3 years ago,True,,
Today i am watching,youtube,DZbrZbeqvGU,0,3 years ago,True,,
2022..😌,youtube,DZbrZbeqvGU,0,3 years ago,True,,
2022 la pakreya,youtube,DZbrZbeqvGU,0,3 years ago,True,,
2023,youtube,DZbrZbeqvGU,0,3 years ago,True,,
 @vicky-ef8zi   🧐🧐🧐🧐🧐,youtube,DZbrZbeqvGU,0,3 years ago,True,,
Me 2022,youtube,DZbrZbeqvGU,0,3 years ago,True,,
Na 2022 la bro😅😅😅😅,youtube,DZbrZbeqvGU,0,3 years ago,True,,
2022 la bro,youtube,DZbrZbeqvGU,0,3 years ago,True,,
Ungoppan,youtube,DZbrZbeqvGU,0,3 years ago,True,,
2022😂,youtube,DZbrZbeqvGU,0,3 years ago,True,,
2022 🤞❤️‍🔥,youtube,DZbrZbeqvGU,0,3 years ago,True,,
Now 2022. 5 time I'm seeing this,youtube,DZbrZbeqvGU,0,3 years ago,True,,
I watching 2022 😅😅,youtube,DZbrZbeqvGU,0,3 years ago,True,,
Today watching bro.. 2022 😅,youtube,DZbrZbeqvGU,0,3 years ago,True,,
Nooo 2022,youtube,DZbrZbeqvGU,0,3 years ago,True,,
Me 2002,youtube,DZbrZbeqvGU,0,3 years ago,True,,
2022 la tha watching,youtube,DZbrZbeqvGU,0,3 years ago,True,,
2 day watching😂,youtube,DZbrZbeqvGU,0,3 years ago,True,,
2k22,youtube,DZbrZbeqvGU,0,3 years ago,True,,
Naa 2022la pakkuran,youtube,DZbrZbeqvGU,0,3 years ago,True,,
Naan lam 2022 le pakkuren ini yum pappen,youtube,DZbrZbeqvGU,0,3 years ago,True,,
2022😁😁,youtube,DZbrZbeqvGU,0,3 years ago,True,,
Haha 2022,youtube,DZbrZbeqvGU,0,3 years ago,True,,
2022🙂,youtube,DZbrZbeqvGU,0,3 years ago,True,,
Bro iam today watching👀,youtube,DZbrZbeqvGU,0,3 years ago,True,,
 @_attitude_only_  🤣🤣,youtube,DZbrZbeqvGU,0,3 years ago,True,,
Ok bro,youtube,DZbrZbeqvGU,0,3 years ago,True,,
2022 September,youtube,DZbrZbeqvGU,0,3 years ago,True,,
Nan 2022 la pakuren,youtube,DZbrZbeqvGU,0,3 years ago,True,,
2022😀🥳,youtube,DZbrZbeqvGU,0,3 years ago,True,,
👍,youtube,DZbrZbeqvGU,0,3 years ago,True,,
Bro na 2022 la pakkuren bro,youtube,DZbrZbeqvGU,0,3 years ago,True,,
yy,youtube,DZbrZbeqvGU,0,3 years ago,True,,
2020,youtube,DZbrZbeqvGU,0,3 years ago,True,,
"2
0
2
2",youtube,DZbrZbeqvGU,0,3 years ago,True,,
Naan 2022-ல இருந்து வரன் comment பண்ணுன இந்த 2021 நாய் செத்துப்போயிருச்சு 🥳😂,youtube,DZbrZbeqvGU,0,3 years ago,True,,
2022la pakare bro😂,youtube,DZbrZbeqvGU,0,3 years ago,True,,
2022 pa,youtube,DZbrZbeqvGU,0,3 years ago,True,,
2030 la yarallam pakriya,youtube,DZbrZbeqvGU,0,3 years ago,True,,
Bro 2023,youtube,DZbrZbeqvGU,0,3 years ago,True,,
Watching in22,youtube,DZbrZbeqvGU,0,3 years ago,True,,
2023...... la,youtube,DZbrZbeqvGU,0,3 years ago,True,,
2023 who?,youtube,DZbrZbeqvGU,0,3 years ago,True,,
2023 la paakuran 😂,youtube,DZbrZbeqvGU,0,3 years ago,True,,
2021 illa anna 2023 la pakkura,youtube,DZbrZbeqvGU,0,3 years ago,True,,
2023-02-25 1:51pm😅😅,youtube,DZbrZbeqvGU,0,3 years ago,True,,
2023 la paakuren ya 🙌,youtube,DZbrZbeqvGU,0,3 years ago,True,,
Watching from 2060 bro 🥸🔥🤣🤣🤣🤣😂,youtube,DZbrZbeqvGU,0,3 years ago,True,,
2023😂,youtube,DZbrZbeqvGU,0,3 years ago,True,,
2023 bro ⚡,youtube,DZbrZbeqvGU,0,2 years ago,True,,
2023😂😂,youtube,DZbrZbeqvGU,0,2 years ago,True,,
யாரெல்லாம் 2023 பார்க்கிறோம்,youtube,DZbrZbeqvGU,0,2 years ago,True,,
திராவிட தேசத்தின் முக்ய மந்த்ரி இஸ்டாலின் சின்னமேளமு காரூ ஜிண்டாபாட் ஜிண்டாபாட்,youtube,DZbrZbeqvGU,0,2 years ago,True,,
2023 ya,youtube,DZbrZbeqvGU,0,2 years ago,True,,
Naa 2023,youtube,DZbrZbeqvGU,0,2 years ago,True,,
"டாஸ்மாக் கரன்ட் கட் காரன் கம்பி எண்ணுவது தான் கட்சிகளுக்கும், கூட்டணிகளுக்கும், நாட்டு மக்களுக்கும் நல்லது...",youtube,DZbrZbeqvGU,0,2 years ago,True,,
2023 😂,youtube,DZbrZbeqvGU,0,2 years ago,True,,
2023 la paakran😂😂,youtube,DZbrZbeqvGU,0,2 years ago,True,,
2023.09.14,youtube,DZbrZbeqvGU,0,2 years ago,True,,
2023 bro 😂,youtube,DZbrZbeqvGU,0,2 years ago,True,,
2023 la pakkuren 😂🤣,youtube,DZbrZbeqvGU,0,2 years ago,True,,
2023 Nan pakkuran,youtube,DZbrZbeqvGU,0,2 years ago,True,,
Na 2023pakura,youtube,DZbrZbeqvGU,0,2 years ago,True,,
2023/10th month,youtube,DZbrZbeqvGU,0,2 years ago,True,,
2023 leyum watching than bro!!,youtube,DZbrZbeqvGU,0,2 years ago,True,,
2023🎉,youtube,DZbrZbeqvGU,0,2 years ago,True,,
2023 la pakuran Nanba,youtube,DZbrZbeqvGU,0,2 years ago,True,,
2023 layum pakren. 😂,youtube,DZbrZbeqvGU,0,2 years ago,True,,
23 da dei 😂,youtube,DZbrZbeqvGU,0,2 years ago,True,,
Just 3 years later,youtube,DZbrZbeqvGU,0,2 years ago,True,,
2024😬😬,youtube,DZbrZbeqvGU,0,2 years ago,True,,
Bro this is 2024 time is going faster😢😢😢,youtube,DZbrZbeqvGU,0,2 years ago,True,,
I am,youtube,DZbrZbeqvGU,0,2 years ago,True,,
2024 😂,youtube,DZbrZbeqvGU,0,1 year ago,True,,
Oh shit I am watching on Dec 2024,youtube,DZbrZbeqvGU,0,1 year ago,True,,
 @itmadhubalan.m9700  oooo,youtube,DZbrZbeqvGU,0,4 years ago,True,,
 @itmadhubalan.m9700  ooo,youtube,DZbrZbeqvGU,0,4 years ago,True,,
 @itmadhubalan.m9700  Oooooooooooooo ooo,youtube,DZbrZbeqvGU,0,4 years ago,True,,
Not only teacher every character,youtube,DZbrZbeqvGU,14,5 years ago,True,,
Super bro,youtube,DZbrZbeqvGU,4,7 years ago,True,,
I am your 300 like,youtube,DZbrZbeqvGU,2,5 years ago,True,,
"Ipovum pathutu irukem
Bore ah enaka chance ae illa",youtube,DZbrZbeqvGU,6,5 years ago,True,,
20 varusham kalichu pathalum semmaya than irukum 🔥💪😂,youtube,DZbrZbeqvGU,2,4 years ago,True,,
Bro naan 3 varusum kalichi pathutan,youtube,DZbrZbeqvGU,1,5 years ago,True,,
"Mumtaj Settu 

Exactly 🤣🤣😅",youtube,DZbrZbeqvGU,5,6 years ago,True,,
Yeah 🤣🤣🤣,youtube,DZbrZbeqvGU,1,6 years ago,True,,
11.10.2020,youtube,DZbrZbeqvGU,3,5 years ago,True,,
I'm watching in 2021 Feb 1,youtube,DZbrZbeqvGU,1,5 years ago,True,,
20/12/20,youtube,DZbrZbeqvGU,0,5 years ago,True,,
5.1.2021,youtube,DZbrZbeqvGU,0,5 years ago,True,,
nanum atha use paniruken,youtube,DZbrZbeqvGU,8,8 years ago,True,,
Subha Keerthi 😮😮😮😮,youtube,DZbrZbeqvGU,3,7 years ago,True,,
💖,youtube,DZbrZbeqvGU,3,5 years ago,True,,
Is true bro nice my favourite shows,youtube,DZbrZbeqvGU,0,5 years ago,True,,
Only strasssa,youtube,DZbrZbeqvGU,0,5 years ago,True,,
g p muthu,youtube,DZbrZbeqvGU,2,4 years ago,True,,
7:15 ultimate,youtube,DZbrZbeqvGU,33,5 years ago,False,,
"அம்மா அப்பா அண்ணன் கொழுந்தியா பேரவை 😂 😂 


அடேய்ய் 😂",youtube,DZbrZbeqvGU,599,8 years ago,False,,
என்னா எதுக்கு அடிச்சிங்க.இருடி எங்க அப்பாவ கூட்டிட்டு வரன்.😃😃😄😄😆😆😅😅😃😃,youtube,DZbrZbeqvGU,21,5 years ago,False,,
5:36 enna elu uiru elu mairuntu 😂😂,youtube,DZbrZbeqvGU,14,4 years ago,False,,
1:49 kuchiya olichi veka kooda teryadha da dialogue🤣🤣🤣🤣,youtube,DZbrZbeqvGU,21,5 years ago,False,,
5:41...enna 7 uyir 7 mayir uh😂😂😂🤣🤣🤣vera level comedy.... ultimate,youtube,DZbrZbeqvGU,312,7 years ago,False,,
6:04 Kuyil.. hahahahahahaha!! 😂😂👌,youtube,DZbrZbeqvGU,64,8 years ago (edited),False,,
"5:34
7:13
7:55 
Sudhakar sirikura moments
Upuma illana enna maggy seinju...",youtube,DZbrZbeqvGU,21,4 years ago,False,,
4:02😁😀😀😀semma expression gopi bro😁,youtube,DZbrZbeqvGU,20,8 years ago,False,,
2:23 epic...😂😂,youtube,DZbrZbeqvGU,24,8 years ago,False,,
1:59 Legendary Line 🤣❤️🔥,youtube,DZbrZbeqvGU,245,5 years ago (edited),False,,
4:46 best expression 🤣🤣🤣,youtube,DZbrZbeqvGU,13,4 years ago (edited),False,,
8:41 padhinettu mark uh Enga pochu 🤣😂😂🤣,youtube,DZbrZbeqvGU,52,5 years ago,False,,
3:30 exactly my school teachere are same like him,youtube,DZbrZbeqvGU,37,5 years ago,False,,
"""undertaker ku 7 uyire ""Nan kuda ada nambiruka 😂😂😂😂😂",youtube,DZbrZbeqvGU,330,8 years ago,False,,
2022 la kuda pathutu iruken !! Real stress buster,youtube,DZbrZbeqvGU,161,3 years ago,False,,
0:04 hey....😂😂😂😂😂😂😂😂😂😂😂,youtube,DZbrZbeqvGU,47,7 years ago,False,,
"#tnx 4 my childhood memories 
# nikkal kunthal
# undertaker 7 uyir
# hand cricket
# Evan yennaya aduchano😘😘😘😘😉",youtube,DZbrZbeqvGU,476,8 years ago,False,,
என் வாழ்க்கையில் நடந்தது போலவே இருக்கு 😂😁😁😂😂,youtube,DZbrZbeqvGU,84,5 years ago,False,,
1:07 sock 😂🤣🔥 sasikala nigala🤣,youtube,DZbrZbeqvGU,5,3 years ago,False,,
Hari Haran 😂😂😂,youtube,DZbrZbeqvGU,5,8 years ago,True,,
Hari Ganesh Rajakumar 😅 😁,youtube,DZbrZbeqvGU,3,8 years ago,True,,
Bro ethu yaara immitate panninga..??,youtube,DZbrZbeqvGU,2,5 years ago,True,,
Therinja sollunga,youtube,DZbrZbeqvGU,2,5 years ago,True,,
Hi,youtube,DZbrZbeqvGU,0,4 years ago,True,,
I too feel same 🤣🤣,youtube,DZbrZbeqvGU,1,5 years ago,True,,
😂😂,youtube,DZbrZbeqvGU,7,4 years ago,True,,
Antha 18 mark eduthutu pen ah vangiko😜😜😜😜😜😜,youtube,DZbrZbeqvGU,3,4 years ago,True,,
Means what,youtube,DZbrZbeqvGU,0,4 years ago,True,,
நானும் த ப்ரோ🤣🤣🤣 triple h Undertaker m anna thambi 🤣🤣🤣🤣,youtube,DZbrZbeqvGU,0,3 years ago,True,,
Hahaha,youtube,DZbrZbeqvGU,5,8 years ago,True,,
Selvaraj M  p. Ph pl,youtube,DZbrZbeqvGU,3,8 years ago,True,,
2023 layum paken,youtube,DZbrZbeqvGU,3,3 years ago,True,,
I am also,youtube,DZbrZbeqvGU,2,3 years ago,True,,
23 la pakaranea😂😂😂,youtube,DZbrZbeqvGU,0,2 years ago,True,,
Me also bro,youtube,DZbrZbeqvGU,2,8 years ago,True,,
Sabeer Ahamed same feeling bro,youtube,DZbrZbeqvGU,10,8 years ago,True,,
2:08 classic👌..class ku oruthan epadi kandipa erupaan 😂😂..over reaction kuduthu escape aagirvaan 😂,youtube,DZbrZbeqvGU,399,8 years ago (edited),False,,
dei echakala ... 😂andha Amma sonnatha Vida ...ninga sollumbothu... ultimate bro  😂😂😂😂,youtube,DZbrZbeqvGU,54,8 years ago,False,,
அம்மா அப்பா அண்ணன் கொளுந்தியா பேரவை! 😂,youtube,DZbrZbeqvGU,163,8 years ago,False,,
3:52 sudhakar vanmam fail aakitaaru 😂😂😂,youtube,DZbrZbeqvGU,4,10 months ago,False,,
"dei undertaker irukan la avanuku 7 uyir aanda!!!😂😂😂😂
epic gopi",youtube,DZbrZbeqvGU,104,8 years ago,False,,
"வீடியோ முடிஞ்சதும், Bloopers ம் கடைசில போடுங்க நண்பா... அதான் Full  enjoyment👌",youtube,DZbrZbeqvGU,163,8 years ago,False,,
2:39 Inniku ongaluku onnu tharaporen! Athu enna?.... ( WoW Semma performance ) :),youtube,DZbrZbeqvGU,30,8 years ago,False,,
2024 la யாரெல்லாம் பாக்குறீங்க,youtube,DZbrZbeqvGU,43,2 years ago,False,,
The best part is from 0:00 to 11:19..Hit like if you agree..,youtube,DZbrZbeqvGU,371,8 years ago (edited),False,,
"You Tube Channel
Super Star
Gopi Sudhakar

ஞாபகம் வருதே
nikkal Kundhal,
Prayer மயக்கம்,
எவன் என்ன அடிச்சானோ,
sir பேனா வாங்கறது,
8 th period PT,
பேசினால் பெயர் எழுதுவது
test paper, correction, அடி வாங்குவது
👏👌😢💓💟🏫📚📝",youtube,DZbrZbeqvGU,133,8 years ago,False,,
4:16 vidra O*** vidrA😂😂😂😂😂,youtube,DZbrZbeqvGU,11,5 years ago,False,,
9:29 has separate fan base😂,youtube,DZbrZbeqvGU,3,1 year ago,False,,
1:32 maanava chelvangaley 😂😂😂,youtube,DZbrZbeqvGU,126,6 years ago,False,,
5:38 அப்டியே ரெண்டு லார்ரிய சுண்டு விரல்ல இப்படி தூக்கிட்டு வந்தான்  டா 😂😂,youtube,DZbrZbeqvGU,75,5 years ago (edited),False,,
08:14 semma bro nice penyaa where you boughte,youtube,DZbrZbeqvGU,28,8 years ago,False,,
1:58 Suguma sugama😂😂😂,youtube,DZbrZbeqvGU,1,6 months ago,False,,
Sudhakar perfectly suited for teacher role in this video 😄😄😄......,youtube,DZbrZbeqvGU,41,5 years ago,False,,
4:17 vidraa gotha vidraaa🤣😂ulti bro 😂💯,youtube,DZbrZbeqvGU,123,6 years ago,False,,
Antha 18 marks a eduthitu pen a vankikoo 8:56,youtube,DZbrZbeqvGU,12,7 years ago,False,,
Anyone 2025😂,youtube,DZbrZbeqvGU,16,1 year ago,False,,
Sabari Chandran athu ne thana,youtube,DZbrZbeqvGU,1,8 years ago,True,,
Sabari Chandran i,youtube,DZbrZbeqvGU,4,8 years ago,True,,
super ji unga Ellem video  I like this all great,youtube,DZbrZbeqvGU,1,8 years ago,True,,
super,youtube,DZbrZbeqvGU,2,8 years ago,True,,
"JALAL CENA 
Yena 7uyiru..7mairu nu😀😀",youtube,DZbrZbeqvGU,2,8 years ago,True,,
Rasmidha S nikkal kundhal is epic 😂,youtube,DZbrZbeqvGU,3,8 years ago,True,,
naveen kumar yes,youtube,DZbrZbeqvGU,1,8 years ago,True,,
semma,youtube,DZbrZbeqvGU,2,8 years ago,True,,
Mr.Incredible Channel screen play Mr. just for fun,youtube,DZbrZbeqvGU,2,8 years ago,True,,
Ram prasad tq u,youtube,DZbrZbeqvGU,2,8 years ago,True,,
Enna Ram prasad ..Kedaikira Gap la screen play panreengala..Continue ...,youtube,DZbrZbeqvGU,1,8 years ago,True,,
✌✌,youtube,DZbrZbeqvGU,0,8 years ago,True,,
Priya Kutty 😃,youtube,DZbrZbeqvGU,3,8 years ago,True,,
Rasmidha S what's ah brillance,youtube,DZbrZbeqvGU,1,8 years ago,True,,
Rr,youtube,DZbrZbeqvGU,3,8 years ago,True,,
nice,youtube,DZbrZbeqvGU,2,8 years ago,True,,
Ama thala 😂😂😂,youtube,DZbrZbeqvGU,1,10 months ago,True,,
Gopi 's acting vera level..,youtube,DZbrZbeqvGU,375,8 years ago,False,,
6:05 dai arivu earukada 😂😂😂,youtube,DZbrZbeqvGU,6,5 years ago,False,,
இன்ஜினியரிங் காலேஜ் பாரிதாபங்கள் மாதிரி அங்க படிக்கற மாணவர்கள் பரிதாபங்கள் போடுங்க.....தாங்க முடியல....,youtube,DZbrZbeqvGU,53,8 years ago,False,,
1:55 sugema irukka 😂,youtube,DZbrZbeqvGU,4,4 years ago,False,,
0:28 echakala!🤣...,youtube,DZbrZbeqvGU,11,5 years ago (edited),False,,
It's 2019 October still I'm watching,youtube,DZbrZbeqvGU,297,6 years ago,False,,
6:28 nikkal kundal ultimate 😂😂😂😂😂😂,youtube,DZbrZbeqvGU,8,8 years ago,False,,
7:00 ultimate,youtube,DZbrZbeqvGU,8,4 years ago (edited),False,,
upma senju kuduthen nu pudhu katchiii...😂😂😂😂😂,youtube,DZbrZbeqvGU,25,8 years ago,False,,
0:16 is litt,youtube,DZbrZbeqvGU,11,5 years ago,False,,
3:56 - adikkanum nu mudivu pannitta adichuruven pathukka :D,youtube,DZbrZbeqvGU,9,8 years ago,False,,
4:01 enaaa ethuku adichingaa🤣🤣🤣🤣🤣,youtube,DZbrZbeqvGU,4,4 years ago,False,,
"7 uyir , 7 mayir . 😂😂😂😂 love from Sri Lanka",youtube,DZbrZbeqvGU,139,7 years ago,False,,
9:19 Yow yen ya sirikira ni sirkikardu enakku sirippu vardu,youtube,DZbrZbeqvGU,10,8 years ago,False,,
2 mark potu 2mark cut pannadhu semma bro,youtube,DZbrZbeqvGU,432,7 years ago,False,,
02:46 test paper😅😅,youtube,DZbrZbeqvGU,5,1 year ago,False,,
"2:34 , 6:05 Semma serichu vairu valikku 😂😂😂😘😘😍💗,,...",youtube,DZbrZbeqvGU,86,6 years ago (edited),False,,
Where you bought this pen😂😂 slang same like my physics sir.   ..,youtube,DZbrZbeqvGU,60,5 years ago,False,,
4:17 Sir Ah Edaiyila Ketta Vaarthayila Ethum Thittuniyaa!! 😂😂,youtube,DZbrZbeqvGU,33,5 years ago (edited),False,,
8:26 how many mark you get uh?🤣🤣,youtube,DZbrZbeqvGU,34,4 years ago,False,,
Subha Keerthi super,youtube,DZbrZbeqvGU,3,8 years ago,True,,
😂😂I am waiting in 2020,youtube,DZbrZbeqvGU,8,6 years ago,True,,
எனக்கு நடந்து இருக்கு,youtube,DZbrZbeqvGU,16,6 years ago,True,,
Ennakum ipdi nadandhu irruku,youtube,DZbrZbeqvGU,8,6 years ago,True,,
Me too happened 🥺,youtube,DZbrZbeqvGU,7,5 years ago,True,,
Semma 😂🤣🤣😂,youtube,DZbrZbeqvGU,4,6 years ago,True,,
Mee too,youtube,DZbrZbeqvGU,4,5 years ago,True,,
Udra o*ha udra,youtube,DZbrZbeqvGU,3,4 years ago,True,,
"Gopi Miratitiga Ponga, Highlight Ah Antha 2mark Potutu Vera 2u Mark Ah Korachathutha, Enakum Ithulam Nadanthuruku broooo😢😢😢",youtube,DZbrZbeqvGU,49,8 years ago,False,,
Remembering School days.. Undertakerku 7 uyir and odd or even handcricket !!!,youtube,DZbrZbeqvGU,33,8 years ago,False,,
9:13 Sudhakar smile🤩🤩🤩🤩awwww🤩🤩🤩🤩,youtube,DZbrZbeqvGU,96,5 years ago,False,,
1:57 super 🤣🤣🤣,youtube,DZbrZbeqvGU,4,4 years ago,False,,
parimala teacher.........super,youtube,DZbrZbeqvGU,610,8 years ago,False,,
6:03 😂😂 குச்சிய நீற்ற கு கு கு கு........!!!!,youtube,DZbrZbeqvGU,7,5 years ago,False,,
ரெம்ப நாள் கழிச்சு கண்ணீர் வர வர சிரிச்சே,youtube,DZbrZbeqvGU,16,6 years ago,False,,
Yepdi tha ivanga Namma memories ah kindi kelaruranungaloo😂😂😂....Schl ke poitu vandha mari ierukku,youtube,DZbrZbeqvGU,5,4 years ago,False,,
Sudhakar is looking like my school physics teacher 🤣🤣😅,youtube,DZbrZbeqvGU,18,5 years ago,False,,
Who else want Gopi and Sudhakar to be the next pair like Goundamani Senthil in Tamizh Cinema !!!!!,youtube,DZbrZbeqvGU,26,8 years ago,False,,
6:16 The expression the guy behind Gopi gives is exactly how we reacted :D,youtube,DZbrZbeqvGU,34,8 years ago,False,,
2021 July maasam um yarlam pakringa 😍🔥,youtube,DZbrZbeqvGU,8,4 years ago,False,,
5:42 vera level🤣🤣🤣,youtube,DZbrZbeqvGU,10,6 years ago,False,,
வெகுநாள் கழிச்சு வயிறு குலுங்க சிரிச்சேன் அண்ணா!  ரெண்டு பேருமே செம்ம!,youtube,DZbrZbeqvGU,176,8 years ago,False,,
Kuyil Mari irukinga 6:18 😂😂,youtube,DZbrZbeqvGU,2,2 years ago,False,,
ennayum aadathula sethukonga da😂😂😂😂😂😂😂nikkal oru maari,youtube,DZbrZbeqvGU,12,8 years ago,False,,
Not Better Parithabangal Than Engineering Parithabangal Till Now.......😍😍😍😍,youtube,DZbrZbeqvGU,116,8 years ago,False,,
6:51 kelvi kekkathinga kelunga 😁😁😁😁,youtube,DZbrZbeqvGU,10,8 years ago,False,,
4:02 😂😂😂,youtube,DZbrZbeqvGU,4,1 year ago,False,,
3:00 see this 😂😂😂,youtube,DZbrZbeqvGU,11,8 years ago,False,,
❤️,youtube,DZbrZbeqvGU,1,4 years ago,True,,
🙌🔥😂,youtube,DZbrZbeqvGU,6,5 years ago,True,,
Naanum tha,youtube,DZbrZbeqvGU,3,5 years ago,True,,
Lokesh R Aaga Daddy😁,youtube,DZbrZbeqvGU,2,8 years ago,True,,
Who watch 2k19😁😁😁,youtube,DZbrZbeqvGU,503,7 years ago,False,,
Dislike pannavanunga ellarum vathiyar payalungaaa ...😂😂😂,youtube,DZbrZbeqvGU,331,6 years ago,False,,
I am seeing this in 2026,youtube,DZbrZbeqvGU,5,3 months ago,False,,
Can't control My laughing...hats off u both,youtube,DZbrZbeqvGU,55,5 years ago,False,,
"Sudhagar voice,  expression ellame super.",youtube,DZbrZbeqvGU,128,8 years ago,False,,
4:28 mass,youtube,DZbrZbeqvGU,11,5 years ago,False,,
6:22 semma 🤣🤣🤣🤣🤣🤣,youtube,DZbrZbeqvGU,4,4 years ago,False,,
Undertaker veral level dialogue,youtube,DZbrZbeqvGU,9,7 years ago,False,,
Thumbnail Gopi vera level 😂😂😂😍,youtube,DZbrZbeqvGU,27,7 years ago,False,,
Semma voice....that powder make up....echchakala dialogue....Sudhakar innocent expressions😍just love themmmm,youtube,DZbrZbeqvGU,16,5 years ago,False,,
Pen moment yenaku nadanthiruku 😂😂😂vera level,youtube,DZbrZbeqvGU,3,4 years ago,False,,
9:54 semma,youtube,DZbrZbeqvGU,9,6 years ago,False,,
"2019, 2020, 2021 la pakuravanga nanga than",youtube,DZbrZbeqvGU,111,5 years ago,False,,
only for 90s kids,youtube,DZbrZbeqvGU,491,8 years ago (edited),False,,
Naangalu kuchiya oliya vachiruko😂,youtube,DZbrZbeqvGU,3,1 year ago,False,,
0:55 naanga pannathu apdiye,youtube,DZbrZbeqvGU,10,8 years ago,False,,
"35 வயசு ஆச்சு இன்னும் தனியா தான் சுத்திட்டு இருக்கிறேன், என்ன நெனச்சி எனக்கே கேவலமா இருக்கு",youtube,lSECHwz9sCc,634,1 year ago,False,,
Now im realising.. why my parents strict at me in my small age time 😌💐,youtube,lSECHwz9sCc,135,1 year ago,False,,
இப்பலா இந்த மாதிரி சின்ன பிள்ளைங்கள பார்த்தாலே பயமா இருக்கு,youtube,lSECHwz9sCc,163,1 year ago,False,,
As a teacher I am very scared of this kind of students,youtube,lSECHwz9sCc,79,1 year ago,False,,
அரசு பள்ளிகளில் கடின உழைப்பால் படிக்கும் பிள்ளைகளும் இருக்கு... உங்களுக்கு அதெல்லாம் கண்ணுக்கு தெரியாது....,youtube,lSECHwz9sCc,56,1 year ago,False,,
இவளுகளுக்கு எல்லாம் ஆத்தா அப்பன் இருக்கானுங்களா இல்லையா?,youtube,lSECHwz9sCc,31,1 year ago,False,,
Nalla velaiku naama insta la ila 😂,youtube,lSECHwz9sCc,78,1 year ago,False,,
"Starting punch "" நாய்க்காதல்"" 200% உண்மை...
நல்லபடியா 
படிச்சி வாழ்க்கையில முன்னேறனும் னு எண்ணத்தோட  எதுங்க படிக்க போகுதுங்க 🤦‍♂️",youtube,lSECHwz9sCc,128,1 year ago,False,,
வாழ்க்கைல எப்படி இருக்கணும்னு யாருக்குமே தெரியல😂,youtube,lSECHwz9sCc,23,1 year ago,False,,
ஒத்த ரோசாக்களா ( பிள்ளைகளைப் பெற்றதாய் தந்தையர்கள்) புள்ளைங்க ரொம்ப அற்புதமா வளத்து இருக்கீங்க😂😂😂😂😂😂😂😂😂😂😂,youtube,lSECHwz9sCc,13,9 months ago,False,,
Nammala school padikum pothu school uniform pottu veliya kuda poga mattom aana   ippo paarunga chii kevalama illa,youtube,lSECHwz9sCc,16,1 year ago,False,,
Indha video thaaimargal kannil padukvari pagiravum......ipadiki 90s kid😂😂😂😂,youtube,lSECHwz9sCc,15,11 months ago,False,,
தரமான வீடியோ வேற லெவல் சூப்பர் எடிட்டிங் பக்கா சிரிப்பு அடக்க முடியால,youtube,lSECHwz9sCc,46,1 year ago,False,,
"Respect the girl who did goddess reel,  4:28",youtube,lSECHwz9sCc,6,8 months ago,False,,
Valarppuna 90s kids parents oda valarppu tha nga veetula ulla vilakkamaaru sollum 😅,youtube,lSECHwz9sCc,25,1 year ago,False,,
4.56  that aaaamaaaa 🤣😂😂,youtube,lSECHwz9sCc,17,1 year ago,False,,
அப்பா அம்மா எல்லாரும் பையன் வசதியா இருக்கணும்னு சொல்லிட்டு இப்போ எவன்கூடயோ போறது தெரியாம இருகாங்க,youtube,lSECHwz9sCc,13,1 year ago,False,,
Naa school padikkum podhu thavani thaan evlo alaga irukkum boys ah paarthave vetkam varum nera nindu kooda pesave maattanga love irukkum aahana olukkamum irukkum viral nuni kooda mela  pattadhu kedaiyadhu ❤,youtube,lSECHwz9sCc,46,1 year ago,False,,
அப்போ எவளும் படிக்க போல.. 🤔🌍🫀,youtube,lSECHwz9sCc,107,1 year ago,False,,
வருங்கால கொத்தனார் சித்தாடும்😂,youtube,lSECHwz9sCc,4,8 months ago,False,,
Dont worry iam 37 old😂😂 eppadi pandratha veda nan single la ve erukalam bro❤❤,youtube,lSECHwz9sCc,30,1 year ago,True,,
90kids sangam,youtube,lSECHwz9sCc,17,1 year ago,True,,
சிங்களன் சொல்ல ஈசியா இருக்கு ஆனா மனசுக்குள்ள கஷ்டமா இருக்கு,youtube,lSECHwz9sCc,15,1 year ago,True,,
Bro 90's kids thana neengalum 🎉,youtube,lSECHwz9sCc,49,1 year ago,True,,
@Mastervj1 ஆமா நண்பா,youtube,lSECHwz9sCc,25,1 year ago,True,,
 @Mastervj1  ஆமா,youtube,lSECHwz9sCc,1,1 year ago,True,,
Bro பயப்பிடாம போய் பொண்ணுங்க கிட்ட போய் பிடிச்சிருக்குனு சொல்லு bro ஓகேனா love பண்ணு bro இல்லனா வேற பொன்னுட போய் சொல்லு bro naala 8 ponna love panna bro 8 me v2ku therinchi poittu bro vittutu so athunala 9 vatha ippa oru ponna paakura bro summa side adi bro apram velila aaichittu poi enjay pannu bro ithukku poi enna ninaicha kevalama irukkunu sollura bro 😂,youtube,lSECHwz9sCc,9,1 year ago,True,,
 @x_lonely_boy  பணம் இருக்குனும் இல்லனா அழகா இருக்கணும் இரண்டுமே என்கிட்ட இல்ல,youtube,lSECHwz9sCc,13,1 year ago,True,,
@Mudinjaa_Kandupidi 😂😂,youtube,lSECHwz9sCc,9,1 year ago,True,,
Kavalai padathea bro marriage panna sethu poiruva nan marriage panni romba  stressla iruken,youtube,lSECHwz9sCc,7,1 year ago,True,,
கேவலம் நெனைக்காதீங்க நம்ம அப்பா அம்மா ஒழுகமா வளத்து இருகாங்க பெருமை படுங்க சகோதரா 😢😂,youtube,lSECHwz9sCc,5,1 year ago (edited),True,,
Inga 37 😭😭😭,youtube,lSECHwz9sCc,4,1 year ago,True,,
"Bro I am studying in 11th std
Naanum oru ponna love pandra bro
But in previous year I am studied in 10th nanga rendu perum committed
My 10th mark is 439😅😅
Avanga mark vanthu 485🎉🎉❤❤",youtube,lSECHwz9sCc,4,1 year ago,True,,
 @ManiMani-har  അയ്യോ എന്റെ ഗുരുവായൂരപ്പാ!,youtube,lSECHwz9sCc,3,1 year ago,True,,
​ @ManiMani-har  breakup thaan😂😂,youtube,lSECHwz9sCc,1,1 year ago,True,,
@ManiMani-har  first vatti pesurapa eppati bro irunthuchi 😅,youtube,lSECHwz9sCc,0,1 year ago (edited),True,,
கிடைக்கும் ப்ரோ கவலைப்படாதீர்கள்😢,youtube,lSECHwz9sCc,3,1 year ago,True,,
அதே நிலமைதான் சகோதரா எனக்கும் வயது 32 ஆகின்றது,youtube,lSECHwz9sCc,3,1 year ago,True,,
நானும் அப்படித்தான் 33 வயசு கல்யாணம் இல்ல காதல் இல்லை குடி பழக்கம் இல்லை சிகிரெட் பழக்கம் இல்லை டீ காபி கூட குடிக்க மாட்டேன் இன்னும் பொன்னு அமையல என்னத சொல்றது,youtube,lSECHwz9sCc,3,1 year ago,True,,
"Namma ivvalavu kevalama pannala brother chinna vayasula 
Namma romba nallavangala irunthom nu ninaichu santhosa padanum.

Nammala valarthavanga nammala apdi valarthuttanga....💪🏻💪🏻💪🏻💪🏻💪🏻💪🏻💪🏻💪🏻",youtube,lSECHwz9sCc,3,1 year ago,True,,
37.S.,youtube,lSECHwz9sCc,3,1 year ago,True,,
Company kku... Nanum erkken nanba yannaiyum serthukkonga,youtube,lSECHwz9sCc,3,1 year ago,True,,
​ @Saranyasaikishore hi to,youtube,lSECHwz9sCc,1,5 months ago,True,,
Single tha gethu,youtube,lSECHwz9sCc,25,1 year ago,True,,
😂,youtube,lSECHwz9sCc,2,1 year ago,True,,
48 வயசு ஆகுது இன்னும் கல்யாணம் ஆகாமல் இருக்காங்க என் மாமா பசங்க விடுங்க பாஸ் கவலை படாதீங்க,youtube,lSECHwz9sCc,2,11 months ago,True,,
Ipdi nallavanu solliye kadasi varaikum kalayanam panna vidamatanka,youtube,lSECHwz9sCc,2,7 months ago,True,,
Dont worry bro my husband 35 enaku 24 recent ah than marriage pannom.so late ah kidachalum best ah kidaikum.all the best for 90s kids,youtube,lSECHwz9sCc,1,1 year ago,True,,
Ennaga panrathu avangalukku amaithu namakku amaila,youtube,lSECHwz9sCc,1,1 year ago,True,,
​ @SaviSavthri  ena amayala . Nama dhaan try pananum bro 😔 naanlam palla varushama try pnadren theeiyuma 😅,youtube,lSECHwz9sCc,0,1 year ago,True,,
Mingle agita happy poirum brother,youtube,lSECHwz9sCc,1,1 year ago,True,,
​ @MedhaPhiliprajan  nejamava ? Apo neenga commited ah 😮,youtube,lSECHwz9sCc,1,1 year ago,True,,
Ithu asingam illa peruma❤,youtube,lSECHwz9sCc,1,1 year ago,True,,
ஏ சங்கத்து ஆள கேவலமா பேசுனது எவண்டா 😂😂😂,youtube,lSECHwz9sCc,1,1 year ago,True,,
I am single but naa 20k tha😂,youtube,lSECHwz9sCc,1,1 year ago,True,,
Bro enakku 40 bro achu 'anum single than,youtube,lSECHwz9sCc,1,11 months ago,True,,
😅😅😅,youtube,lSECHwz9sCc,1,8 months ago,True,,
கண்டிப்பாக ஒரு நாள் கல்யாணம்ம்ம்ம்ம் ஆகலாம் 😂😂😂😂😂😂😂😂😂😂😂😂😂😂😂😂😂😂,youtube,lSECHwz9sCc,1,8 months ago,True,,
இதுவும் கடந்து போகும் bro ❤❤❤😂,youtube,lSECHwz9sCc,1,8 months ago,True,,
👍👍,youtube,lSECHwz9sCc,1,6 months ago,True,,
"Family kka work panni life tholachutiye bro.  Naa eppa feel pandren school, college, work  place laa oru ponna kuda love pannala eppa ennoda age 26  naa eppa gulf erukken my hair kottithu. 😢😢",youtube,lSECHwz9sCc,1,6 months ago (edited),True,,
நாம யாருக்கு என்ன கெடுதல் செஞ்ச,youtube,lSECHwz9sCc,1,5 months ago,True,,
ஆமா தல......😢,youtube,lSECHwz9sCc,1,5 months ago,True,,
Intha mari ponnukooda serrathuku Single a ve irunthutu poiralam,youtube,lSECHwz9sCc,0,1 year ago,True,,
 @sriramasivakumarankalithas6600  agree 👍💯,youtube,lSECHwz9sCc,0,1 year ago,True,,
I'm also,youtube,lSECHwz9sCc,0,1 year ago,True,,
😂😂😂,youtube,lSECHwz9sCc,0,1 year ago,True,,
Don’t worry bro single life is better🎉🎉,youtube,lSECHwz9sCc,0,1 year ago,True,,
சாவு சாவுல😅😊😂,youtube,lSECHwz9sCc,0,1 year ago,True,,
உனக்கு நீ தான் எல்லாம் தேடி தரேன் உனக்கு நீதாண்டா தேடி😂😊,youtube,lSECHwz9sCc,0,1 year ago,True,,
சனியானுங்க School la கேவால படுத்திருக்கிறது குஇதுங்க எதுக்கு இருக்கு 😡😡😡😡😡😡😡😡,youtube,lSECHwz9sCc,0,11 months ago,True,,
Vidu bro😢,youtube,lSECHwz9sCc,0,9 months ago,True,,
I am 42 sago,youtube,lSECHwz9sCc,0,8 months ago,True,,
❤,youtube,lSECHwz9sCc,0,5 months ago,True,,
எனக்கு 33 வயசு ஆகுது எனக்கும் இன்னும் கல்யாணம் ஆகல 😢,youtube,lSECHwz9sCc,0,5 months ago,True,,
கவலை படாதிங்க ❤️,youtube,lSECHwz9sCc,0,4 months ago,True,,
Tharuthalaiya suthalayae santhosapadunga,youtube,lSECHwz9sCc,0,3 months ago,True,,
Same to you I am 33,youtube,lSECHwz9sCc,0,3 months ago,True,,
Boss Enakku 40😂,youtube,lSECHwz9sCc,0,3 months ago,True,,
29 😭,youtube,lSECHwz9sCc,0,2 months ago,True,,
"Sethuru bro 😢😢😢 yenake unna nenacha kastama iruku 
Just Fun…",youtube,lSECHwz9sCc,1,1 year ago,True,,
"Yes, I accept 💗",youtube,lSECHwz9sCc,7,11 months ago,True,,
These are children of absent parents who focus only on work. Not free parents,youtube,lSECHwz9sCc,0,1 month ago,True,,
❤❤,youtube,lSECHwz9sCc,2,1 year ago,True,,
Mam i want to convey something to you .that you might think they are cheap but they just want to explore them may be the way was not good looking but you can't say that only govt .  are doing this . And it was there lifestyle so please comment on this,youtube,lSECHwz9sCc,0,10 months ago,True,,
அதிகமாக இப்படி தறுதலைகள் தான் இருக்குது,youtube,lSECHwz9sCc,8,5 months ago,True,,
So you should not talk about this tharkuris 🤷,youtube,lSECHwz9sCc,1,4 months ago,True,,
Me too ..nanum insta la illa paravailla pa enna Mari innoru jeevan iruku😂,youtube,lSECHwz9sCc,11,11 months ago,True,,
Mee also bro😂,youtube,lSECHwz9sCc,2,9 months ago,True,,
Kothanar Velaiku Insta la Alu irukku bro 😂😂,youtube,lSECHwz9sCc,2,1 month ago,True,,
@ff_ben_x7😅,youtube,lSECHwz9sCc,0,1 month ago,True,,
Me 😊,youtube,lSECHwz9sCc,1,8 months ago,True,,
Mee too bro,youtube,lSECHwz9sCc,0,7 months ago,True,,
Mee too❤😊,youtube,lSECHwz9sCc,0,2 weeks ago,True,,
Correct my first lover s.subashini. .... Innaikku enga irukkaanganu theriyala... Eanakku 2 pen kulanthai .indrum avanga mela eanakku madhippu irukku... This is 90 kids....,youtube,lSECHwz9sCc,7,1 year ago,True,,
" @MohamedNabi-n1u  bro 90kids is unamaya love irunthathu,,,true love generation only 90$",youtube,lSECHwz9sCc,2,1 year ago,True,,
💯💯💯👌🏻,youtube,lSECHwz9sCc,3,1 year ago,True,,
It's true bro,youtube,lSECHwz9sCc,0,6 months ago,True,,
100%,youtube,lSECHwz9sCc,7,1 year ago,True,,
Mapla pakra vela micham,youtube,lSECHwz9sCc,5,1 year ago,True,,
😂😂😂😊,youtube,lSECHwz9sCc,2,1 year ago,True,,
தலைவன் சியான் விக்ரம் டயலாக் வேற லெவல் 😂,youtube,lSECHwz9sCc,11,1 year ago,False,,
Damn those 90's kids☺️ pavaga எங்க பாவம் எல்லாம் உங்கள😮சும்மா விடாது டா,youtube,lSECHwz9sCc,1,4 months ago,False,,
Sirichi Sirichu Vayiru Valikkuthuya 😂,youtube,lSECHwz9sCc,18,1 year ago,False,,
கௌர்மென்ட் ஸ்கூலையும் நல்லா படிக்கிறவங் நிறைய பேர் இருக்காங்க,youtube,lSECHwz9sCc,3,6 months ago,False,,
பெத்தவங்க படிக்கிறதுக்கு போன் வாங்கி குடுத்தா இந்த வேலை தேவையா.,youtube,lSECHwz9sCc,5,9 months ago,False,,
Goppan thalli paduthurkalam dialogue ultimate 😂😂😂😂😂😂😂0.17,youtube,lSECHwz9sCc,7,11 months ago,False,,
5:52 Ayyoo mandayila kuruvi kooduu😅,youtube,lSECHwz9sCc,0,2 weeks ago,False,,
Last la vacha paruya ultimate 😂😂,youtube,lSECHwz9sCc,36,1 year ago,False,,
அந்த வீடியோவில் வர்ற all comments வேற லெவல் போங்க🤣🤣🤣🤣🤣🤣,youtube,lSECHwz9sCc,2,8 months ago,False,,
"After watch the last video, I was thinking my life is wast 😂😂😂😂",youtube,lSECHwz9sCc,3,5 months ago,False,,
என் உயிர் தலைவன் அந்நியன் சியான் விக்ரம்😂 டயலாக் வேற லெவல்,youtube,lSECHwz9sCc,26,1 year ago (edited),False,,
"5:24. That friend who covered her  face 😊

POV~ I don't know this tharkuri girls",youtube,lSECHwz9sCc,7,1 year ago (edited),False,,
நித்தியானந்தா சிரிப்பு அழகு,youtube,lSECHwz9sCc,7,1 year ago,False,,
School management defenetly should take action,youtube,lSECHwz9sCc,5,1 year ago,False,,
All is Govt. School Uniform 🙄 no one is in the private school uniform,youtube,lSECHwz9sCc,6,11 months ago,False,,
vinthu thavariya tharunam😂😂😂,youtube,lSECHwz9sCc,2,8 months ago,False,,
0:28...Perfect words😂💯,youtube,lSECHwz9sCc,3,11 months ago,False,,
நீங்க நல்லா தீவிரவாதி மாதிரி சுட வேணும்,youtube,lSECHwz9sCc,4,1 year ago,False,,
இந்த காலத்து 2 கிட்ஸ் இளைஞர்களை நினைத்து ரொம்ப வேதனைப்படுகிறேன் இந்த இளைஞர்கள் எல்லாம் என்னதான் ஆகப் போகிறார்கள் தெரியவில்லை,youtube,lSECHwz9sCc,3,1 year ago,False,,
1:40  idhu enga school 😂😂😂😂 paiyan da,youtube,lSECHwz9sCc,15,1 year ago,False,,
❤🙏,youtube,lSECHwz9sCc,1,1 year ago,True,,
🤪🤪🤪🤣🤣🤣🤣,youtube,lSECHwz9sCc,0,8 months ago,True,,
Engaiyooo kelvi patta maari irukku ooruu peruu,youtube,lSECHwz9sCc,0,1 month ago,True,,
Ippo iruka generation pasangala rombha mosa irukunga parents tha paavam🤦‍♀️,youtube,lSECHwz9sCc,7,1 year ago,False,,
"90s Kids Ah Pirandha Yelarume Sandhosam Padanum... 
Namma Amma Appa Yevalo Kasta Pattu Nammala Vazhathanga ... Ana Yepo 2k nu Sli Vandhangalo Apovea Yela Kalacharamum Mudinjudhu",youtube,lSECHwz9sCc,2,8 months ago,False,,
என்னால சில வீடியோவை பார்க்கும் போது சிரிப்பு அடக்கவே முடியல இந்த தறுதலை எல்லாம் எங்க பொறந்தது எதுக்கு பொறந்தது,youtube,lSECHwz9sCc,3,1 year ago,False,,
எல்லாம் government school பிள்ளைங்க தான் 😢,youtube,lSECHwz9sCc,21,11 months ago,False,,
Yaoo neethaya 😂😂 editor yaa 😂😂,youtube,lSECHwz9sCc,1,1 month ago,False,,
Semma semma😂😂😂,youtube,lSECHwz9sCc,2,7 months ago,False,,
Lock down la online class vantha appave school pasanga nasama poitanga 90 kids ah vida 2k kids very fast,youtube,lSECHwz9sCc,1,5 months ago,False,,
Expreans erukko antha rendu ponnukkum😂,youtube,lSECHwz9sCc,2,1 year ago,False,,
என்னடா முடி இது 😂😂😂😂😂,youtube,lSECHwz9sCc,0,2 months ago,False,,
Im early 2k but enna elvu nama natku ennthan achu varungala kotnar ella ready 😂😂😂😂😂 chai school pasanga,youtube,lSECHwz9sCc,6,1 year ago,False,,
Last reel is hurt more ❤,youtube,lSECHwz9sCc,3,1 year ago,False,,
Aapa puriyala eppa puriuthu😅😅,youtube,lSECHwz9sCc,6,1 year ago,False,,
Ayiooo Mudiyala 🤣🤣🤣🤣😂,youtube,lSECHwz9sCc,3,1 year ago (edited),False,,
Eana bro..😂😂🙌🤦🤦🤦🤦🤦,youtube,lSECHwz9sCc,2,10 months ago,False,,
"Opening title super pa😂😂😂, 
Teachers la romba pavam😢😮
Parents solla varthai illai😢
Future kothanar, sithal guarantee😅",youtube,lSECHwz9sCc,39,1 year ago,False,,
"All best
❤❤❤
chaild baby onesmore
nakkal pannum anaivarum
Kulanthai paruvathi 
Thirumpi parrungal.
Anaivaru sivan padaipu.....",youtube,lSECHwz9sCc,1,2 months ago,False,,
Nice funny video bro realy very nice 😂🤣👏,youtube,lSECHwz9sCc,7,1 year ago,False,,
ஓரளவிற்கு மேல்தான்,youtube,lSECHwz9sCc,4,1 year ago,False,,
Naa mattum thaan single nenachitu irundhen 😅,youtube,lSECHwz9sCc,2,1 year ago,False,,
2:25 oru visiyam puriyala enakku adhula ena karumam irukunu andha video ku ivlo Likes nd comments 👀🤢😂,youtube,lSECHwz9sCc,6,1 year ago,False,,
Ivanga ipadi panratha thappu than but Nan onnu kekuren ippo kothanar sitthal la irukaravanga first ipadithan panitu thiranjakala athu mattum illa paduchutu velaiye kedaika matinguthu ippo kathanar sitthal nalla than sambathikuranga apran veetla pathu kalyanam Pani vacha ethanaiyo husband olunga velaiku pogama kudchutu thiriyiranunga apdi patta vangala kalyanam pana pombalaingala intha Vella pakuranga summa pesanum nu pesakoodathu😡,youtube,lSECHwz9sCc,4,1 year ago,True,,
​ @AruljothiSanthosam super bro,youtube,lSECHwz9sCc,1,1 year ago,True,,
வீட்ல பாத்தா சத்தம் போடுவாங்கனு பயம் இல்லையா?,youtube,lSECHwz9sCc,4,1 year ago,False,,
School staffs thitta maatankala,youtube,lSECHwz9sCc,5,1 year ago,False,,
Iyoo venama ma romba seripu seripu pa varuthu enna laa mudilaa pa appram romba sirichaa....😂😂😂... vitla adivanguvaa😂😂,youtube,lSECHwz9sCc,12,1 year ago,False,,
"0:24 intha ponnu en kuuda padicha ponutha... 10th fail aaitu pass pani vanthu theripium fail aaga poora🤦🏻‍♀️🤦🏻‍♀️🤦🏻‍♀️🤦🏻‍♀️... School ah avaluku tc kuduthum ava vaalu aranthu poogala
Yen class la avala sori muunji nu kuupuvaanga... But ithu maari illa neengala nalla padikanum..👍🏻",youtube,lSECHwz9sCc,3,1 year ago (edited),False,,
Yow yara editor 😂😂😂😂 😂😂😂😂😂😂😂😂😂😂😂😂😂😂😂😂😂,youtube,lSECHwz9sCc,6,1 year ago,False,,
இதுங்கள பெத்ததுக்களை கட்டி போட்டு வெளுக்கணும் வளர்ப்பு சரி இல்ல,youtube,lSECHwz9sCc,6,11 months ago,False,,
சூப்பர் வீடியோ பா நாய் காதல் செம 👌👌👌👌👌👌👌,youtube,lSECHwz9sCc,2,1 year ago,False,,
Enkku 36 age aachu. Single very sad - Franklin old town Vellore,youtube,lSECHwz9sCc,2,10 months ago,False,,
பெற்றோர் கவனத்திற்கு......,youtube,lSECHwz9sCc,0,11 days ago,False,,
😂😂😂😂 தரமான எடிட்டிங் 😂😂😂,youtube,lSECHwz9sCc,24,1 year ago,False,,
Nee thaya editor uh🎉😂❤,youtube,lSECHwz9sCc,3,1 year ago,False,,
ப்ரோ ரோல் வீடியோ நல்லா இருக்கு ஆனா அந்த இடையில சிரிக்கிறான் பாத்தியா ஒருத்தன் அந்த சீனை எடுத்துடு பத்திக்கிட்டு வருது,youtube,lSECHwz9sCc,3,1 year ago,False,,
😂😂😂😂😂😂😂😂😂 vera level anna,youtube,lSECHwz9sCc,0,1 month ago,False,,
இதுங்கள சோல்லி என்ன பன்ன இவங்க அப்ப அம்மா ல சோல்லனும்😡😡😡,youtube,lSECHwz9sCc,15,1 year ago,False,,
Tiruvannamalai district and municipal fans club🎉🎉🎉🎉🎉🎉😂😂😂😂😂😂❤❤❤❤❤,youtube,lSECHwz9sCc,4,1 year ago,False,,
Vera level 🔥😂❤,youtube,lSECHwz9sCc,4,1 year ago,False,,
Enne um inde 90k kku seidu kolluggada nanbarggrlla podusa tan pa phone eduttan vandu patta ippediy ellam irukka ippo tan purindu 2k lla irundallum valluradu 90k pole tan😒😒😒,youtube,lSECHwz9sCc,3,7 months ago,False,,
Vera level 😂😅😊,youtube,lSECHwz9sCc,4,1 year ago,False,,
அனைவரையும் POCSO சட்டத்தின் கீழ் வழக்கு பதிவு செய்து சிறையில் அடைக்க வேண்டும்,youtube,lSECHwz9sCc,0,2 weeks ago,False,,
uncontrolled laughing 😂😂😂😂😂😂😂😂😂😂😂😂😂😂 super ma,youtube,lSECHwz9sCc,8,1 year ago,False,,
😂❤,youtube,lSECHwz9sCc,4,1 year ago,True,,
🙏❤,youtube,lSECHwz9sCc,0,1 year ago,True,,
Majah pannitinga pongah 😅😂,youtube,lSECHwz9sCc,2,11 months ago,False,,
பாவம் பா இந்த 90s kids எல்லாம் ரொம்ப மனசு வருத்தமா இருக்கு 😢 ஏன்னா நானும் 90சரி kid தான் 😢 இத எல்லாம் பாத்தா ஏன் மனசாட்சி ஏங்கிட்ட ஏன்டா ஒரு மொலம் கயிறு இருந்தா போய் தூங்கு ல தொங்கு டா ன்னு சொல்லுது இவங்க தான் நம் நாட்டின் எதிர்கால தூன்கள் ஒத்த சய்.... செருப்புகல்,youtube,lSECHwz9sCc,2,1 year ago,False,,
Anna unga attathukku oore sirikkume athukku unnam rendu comment eduththu podunga plzz 😂😂,youtube,lSECHwz9sCc,0,1 month ago,False,,
"Apo school poradhu reels podadhan😂
Naamalam interval sapada early morning friends oh da onna sapudave povomeda😂",youtube,lSECHwz9sCc,2,9 months ago,False,,
சரியான தலைப்பு,youtube,lSECHwz9sCc,2,1 year ago,False,,
Ennoda manase leasaa aayiduchu,youtube,lSECHwz9sCc,2,1 year ago,False,,
Aii the vidiya bestie  acha diii 😂😂😂,youtube,lSECHwz9sCc,1,10 months ago,False,,
Mudiyala pa😂😂,youtube,lSECHwz9sCc,7,1 year ago,False,,
Soriyar model youth 😂😂😂😂😂😂,youtube,lSECHwz9sCc,18,1 year ago,False,,
Part 2 venum bro ❤,youtube,lSECHwz9sCc,1,6 months ago,False,,
10நிமிஷம் தல் லி படுதீர்க்கலாம்,youtube,lSECHwz9sCc,0,2 months ago,False,,
பாவம் டா கடவுள்க்கே சொதனை,youtube,lSECHwz9sCc,2,1 year ago,False,,
😂😂😂😂😂😂😂 Warangal Kothari Shital  valthukkal 🙌🙌🙌🙌 Kotak Kotha nari account😂😂😂😂😂,youtube,lSECHwz9sCc,1,9 months ago,False,,
Makkata 😂😂,youtube,lSECHwz9sCc,3,1 year ago,False,,
Bro Darshan😂😂😂,youtube,lSECHwz9sCc,1,1 year ago,False,,
Super thalaiva,youtube,lSECHwz9sCc,0,9 months ago,False,,
"friend's, Amma, appa varamaatanga anaa ungalukku bestie vandhuruvana onnu mattum purijikkonga that the parents ,friends, teachers are the good and pure souls in this world namma eppovum nalla irukkanumnu nenaikkaravanga dhan avanga onnum ungalukku bestie ellathayum seiyalaye",youtube,lSECHwz9sCc,1,11 months ago,False,,
நாய்க் காதல் ❤,youtube,lSECHwz9sCc,11,1 year ago,False,,
"4:36 2.9M likes 😑😑


I can't digest this🤐🤐🫨🫨",youtube,lSECHwz9sCc,3,1 year ago,False,,
ஐயோ கலக்குறீங்களே 😍,youtube,lSECHwz9sCc,6,1 year ago,False,,
👍🤭🤭,youtube,lSECHwz9sCc,1,9 months ago,True,,
Ungala peththathuka enum uyiroda erukka,youtube,lSECHwz9sCc,1,1 year ago,False,,
2 mozhi kolgai + pagutharivu😂😂 periyar vazga😂😂,youtube,lSECHwz9sCc,1,1 year ago,False,,
நாடு நாசமா போகும்,youtube,lSECHwz9sCc,2,1 year ago,False,,
Mudunjucha innaika sethuren itha pakkurathuku🙄🙄🙄🙄🙄,youtube,lSECHwz9sCc,1,1 year ago,False,,
😂 curivi manda,youtube,lSECHwz9sCc,0,3 months ago,False,,
5:28 cringe katranglama,youtube,lSECHwz9sCc,2,1 year ago,False,,
"0:12 1:12   8:14 bro id solu bro intha couple odadhu
Konjam reels podumothu per vara mari podu bro please 8:16",youtube,lSECHwz9sCc,5,1 year ago (edited),False,,
😂😂😂super bro,youtube,lSECHwz9sCc,1,1 year ago,False,,
Congratulations PK 11k likes ❤ do you remember me !!,youtube,lSECHwz9sCc,2,8 months ago,False,,
Love panra paiyan ungala yaru kudavum pesa venanu sonna athu ungaluku torcher ahna bestie sonna careing ah pongadi 😢,youtube,lSECHwz9sCc,1,11 months ago,False,,
Ithungaluku phone yar kodukra parents sollanum 😢😢😢,youtube,lSECHwz9sCc,1,1 year ago,False,,
Vera level 🔥🔥🔥,youtube,lSECHwz9sCc,1,1 year ago,False,,
Ella period indhu iruku but mobile romba idha encourage pannudhu,youtube,lSECHwz9sCc,1,1 year ago,False,,
என் கட்ட Mela,youtube,lSECHwz9sCc,0,1 month ago,False,,
"Jodi illama opening la irundha ponnu en ku dhaa  padikkura name Jenifer 
Yen bro troll pannala romba varuthama irukku😂",youtube,lSECHwz9sCc,2,1 year ago,False,,
5:27 5:28 5:29 5:30,youtube,lSECHwz9sCc,1,2 months ago,False,,
Indha ulagak edha noki payanakm pannidho theriyalayee😢😢😢,youtube,lSECHwz9sCc,1,1 year ago,False,,
Super,youtube,lSECHwz9sCc,1,5 months ago,False,,
😊 velukonda,youtube,lSECHwz9sCc,1,1 year ago,False,,
😂😅😂 sema fun,youtube,lSECHwz9sCc,1,11 months ago,False,,
போய் யூனிபார்ம் டிரெஸ் மாத்து எரும😮😮😮,youtube,lSECHwz9sCc,3,1 year ago,False,,
Tamil community super 👌,youtube,lSECHwz9sCc,0,3 months ago,False,,
"5:56😢😢😢, 😵‍💫😵‍💫😵‍💫😵‍💫😵‍💫😫🤯🥵",youtube,lSECHwz9sCc,1,1 year ago,False,,
Selma super,youtube,lSECHwz9sCc,2,6 months ago,False,,
Last ah vantha video panra van id sollunga,youtube,lSECHwz9sCc,1,9 months ago,False,,
3.12 😂😂😂😂,youtube,lSECHwz9sCc,1,1 year ago,False,,
4:43 🙄 2.9M Likes 😢  2.9M tharkuris like that video 😅,youtube,lSECHwz9sCc,1,1 year ago (edited),False,,
"Ituga amma appa la irukangala, ila konnutingala therila",youtube,lSECHwz9sCc,1,5 months ago,False,,
Vera level 😂😂😂 edit ❤❤❤,youtube,lSECHwz9sCc,2,1 year ago,False,,
"அந்த கடைசி ஜோடி பேரென்ன 
கொஞ்சம் சொல்லுங்க",youtube,lSECHwz9sCc,2,1 year ago,False,,
😅😂😊what.   Bro.   Boy.  Ok.  Geal.  To,youtube,lSECHwz9sCc,0,4 months ago,False,,
Bro kastama irrukku bro,youtube,lSECHwz9sCc,1,1 year ago,False,,
Bro neenga first video poterkingla avanga I'd enna solringa,youtube,lSECHwz9sCc,1,11 months ago,False,,
En first lover s.subashini innaikku enga irukkaanganu theriyala ? Aana 2008 enna nambi Chennai ku vanthaanga. Veetla pirichittaanga.. ippo eanakku vera ponnoda marriage aahi 2 pen kulanthai age attend pannitaanga. Aanaal indrum avanga meethu eanakku madhippum mariyaathayum undu... This 90kids .... Oru naal night avanga enkooda odivanthappakooda avangala naan thodala???? This 90kids .....    Ippo?????? 1 minutes naasaamaa potchu naade. For example 2k kids..mathippu mariyaathaai vetkam ennavendre theriyaatha oru janthukkal,youtube,lSECHwz9sCc,2,1 year ago (edited),False,,
90 kids rule in  tamilnadu only solution 😂😂😂,youtube,lSECHwz9sCc,9,1 year ago,False,,
Lost dialogue is related enna da valka edi 🤡,youtube,lSECHwz9sCc,1,1 year ago,False,,
Yo admin pathala ya innum...innum,youtube,lSECHwz9sCc,1,1 year ago,False,,
கமென்ட் என்ன வந்ததுனு கெட்ட வார்த்தையா போடுறியே....உன் குடும்ப பெண்களுக்கு அந்த வார்த்தையை எல்லாம் சொல்லி சந்தோசப்படு,youtube,lSECHwz9sCc,2,1 year ago,False,,
❤❤❤❤,youtube,lSECHwz9sCc,3,1 year ago,False,,
😂 bro 1 st couple I'd enna??,youtube,lSECHwz9sCc,1,8 months ago,False,,
8:07 avanga id sollu  bro,youtube,lSECHwz9sCc,1,6 months ago,False,,
Nadu engada poguthu😢😢,youtube,lSECHwz9sCc,2,1 year ago,False,,
Love பத்தி என்னடா நினைச்சீங்க ❤️❤️❤️,youtube,lSECHwz9sCc,2,1 year ago,False,,
Ithungaluku like poduthungaley avingala sollanum chaiiii,youtube,lSECHwz9sCc,1,10 months ago,False,,
Sir content ah mathunha sir eptilam tik tok panni panni tha periya aal aguranga 😢,youtube,lSECHwz9sCc,1,7 months ago,False,,
2k kids ku indha nelama thanga mudila innum 3k kids vandha enna aga podho 🙄😕,youtube,lSECHwz9sCc,0,1 year ago,False,,
Chai ... pakkave kevalama iruku,youtube,lSECHwz9sCc,2,1 year ago,False,,
Thala mela 🏔️,youtube,lSECHwz9sCc,0,3 months ago,False,,
5:40,youtube,lSECHwz9sCc,1,1 year ago,False,,
Ithu palasu bro,youtube,lSECHwz9sCc,1,1 year ago,False,,
Un naku kulla en kunga vetene😅,youtube,lSECHwz9sCc,1,11 months ago,False,,
Poriki porampoka tha ipo ulla girls (6.02 )pudikum,youtube,lSECHwz9sCc,1,1 year ago,False,,
😅😅😅😅😅😅😅 super bro super 👏👏👏👏,youtube,lSECHwz9sCc,2,1 year ago,False,,
😂😂😂😂😂❤❤,youtube,lSECHwz9sCc,2,1 year ago,False,,
❤❤   🔥 video 📸🎉❤❤❤,youtube,lSECHwz9sCc,1,1 year ago,False,,
Ooo avvana ni,youtube,lSECHwz9sCc,0,3 months ago,False,,
--------------->😅,youtube,lSECHwz9sCc,1,10 months ago,False,,
Andha couples video 😮 pandra pasanga id sollunga,youtube,lSECHwz9sCc,1,8 months ago,False,,
Dog love 😂😂😂😂😅,youtube,lSECHwz9sCc,1,1 year ago,False,,
Naasamaa poguthu,youtube,lSECHwz9sCc,1,1 year ago,True,,
Love na naayi kaadhal 🤦,youtube,lSECHwz9sCc,0,1 year ago,True,,
😅😅😂😂😂😂😂😂,youtube,lSECHwz9sCc,1,6 months ago,False,,
Nice video bro😂😂😂,youtube,lSECHwz9sCc,1,1 year ago,False,,
😭,youtube,lSECHwz9sCc,4,1 year ago,False,,
Avane ponnu polatha irukka,youtube,lSECHwz9sCc,1,1 year ago,False,,
2k yarukum bayabada matrranga,youtube,lSECHwz9sCc,1,1 year ago,False,,
❤❤❤❤❤❤❤,youtube,lSECHwz9sCc,1,6 months ago,False,,
😂😂😂😂😂😂😂😂😂😂😂😂😂,youtube,lSECHwz9sCc,1,8 months ago,False,,
Beer moonju,youtube,lSECHwz9sCc,0,7 months ago,False,,
😍😍😍😍😍😍,youtube,lSECHwz9sCc,1,3 months ago,False,,
K d😊 girl s and boys,youtube,lSECHwz9sCc,1,1 year ago,False,,
Pavingala 30 vayasu akiduchu innum future a pathina payam irukku eppu da ipdi suthikittu irukinga kandravi en parents nenachi ippo sandosama irukku,youtube,lSECHwz9sCc,1,8 months ago,False,,
03:42,youtube,lSECHwz9sCc,1,1 year ago,False,,
"Aijajoo mudilla da saami But I am a SriLankan and I am 15 but Innai varaikkum enkidda Instagram/ TikTok ethuvume illa 😅😂
Aijajoo That Aikiri nanthini pathathume Ennoda reaction antha Aalu sirikkira maari tha irunthichu Bro 😂
Omg that poom poom madu kaaran 😂😂😂😂😂😂 and that Hoi Hoi Gay 😂",youtube,lSECHwz9sCc,0,9 months ago (edited),False,,
Ommala 2k kids yaarachum?,youtube,lSECHwz9sCc,1,1 year ago,False,,
Bro intha video va nan use panikalama?,youtube,lSECHwz9sCc,1,1 year ago,False,,
😆🤣,youtube,lSECHwz9sCc,1,1 year ago,False,,
"Anna Anni , Mama akka nu Comments pannitu Oru tharkuri Kootam Irukuthuga vera karumam....!",youtube,lSECHwz9sCc,1,11 months ago (edited),False,,
8:12 kindly tell their id bro,youtube,lSECHwz9sCc,0,10 months ago,False,,
They are thinking that it is a prestigious to them but according to it is a cringe,youtube,lSECHwz9sCc,1,11 months ago,False,,
Thanks 😅,youtube,lSECHwz9sCc,1,1 year ago,True,,
🙏❤😂🤭,youtube,lSECHwz9sCc,0,9 months ago,True,,
சில்வர் மண்டையன்,youtube,lSECHwz9sCc,0,3 months ago,False,,
இதுக 2000 ல பிறந்ததுக இல்ல.2010 பிறந்ததுக,youtube,lSECHwz9sCc,1,1 year ago,False,,
Kutty kujaan id name please please please please please please please please please please please please please please please 😊😊😊😊😊😊,youtube,lSECHwz9sCc,2,10 months ago,False,,
😂😂😂😂😂😂,youtube,lSECHwz9sCc,0,1 year ago,False,,
😅😅😂😂,youtube,lSECHwz9sCc,1,1 year ago,False,,
😂😂😂😂,youtube,lSECHwz9sCc,0,1 year ago,False,,
Ippo ella school pullaingalum ipdi dha irukanga😢 sila pillaingala thavira,youtube,lSECHwz9sCc,4,1 year ago,False,,
Indians😂,youtube,lSECHwz9sCc,1,1 year ago,False,,
Om,youtube,lSECHwz9sCc,0,4 months ago,False,,
Ipolam periya pasangala Vida chinna pasangala patha than payama iruku😮 I am a new mother enaku girl baby 😢avala epadi intha societyla pathukapa valaka poranu rompa payama iruku 😢,youtube,lSECHwz9sCc,1,8 months ago,False,,
Konjam uniform kalatitu vera dress la pannuga pa government scl pera kedukathinga da 😮,youtube,lSECHwz9sCc,1,1 year ago,False,,
2.36 Athenna manda vta perukkura thodappa katta mari erkuu😂😂,youtube,lSECHwz9sCc,1,1 year ago (edited),False,,
kothanar sithal velailam avlo kevalama chinna vayasula ipdi pandrathu thapputhan athuku yen aduthavanga velaiya pathi pesanum kothanar velai ilana yar veedu kattuva,youtube,lSECHwz9sCc,1,1 year ago,False,,
4:26 ofc it's cringy but the message she was trying to communicate wasn't <3,youtube,lSECHwz9sCc,0,2 months ago,False,,
The Odia,youtube,lSECHwz9sCc,3,1 year ago,False,,
"I am committed my girl friend 
Is 10th school topper in previous year
Mark vanthu 485🎉

And my school toppper vanthu 
Naanthan mark vanthu 459🎉",youtube,lSECHwz9sCc,5,1 year ago,False,,
Naa kuda think panna .... Future laa road cleaning ku la yaarum vara maatnaga atha work la yaaru panna poranu.. ana idha video va patha future la mokkavasi tharkuringa ella atha work ku tha prepare aguranga nuu😂😂😂😂😂,youtube,lSECHwz9sCc,5,1 year ago (edited),False,,
😢,youtube,lSECHwz9sCc,1,1 year ago,False,,
Mm,youtube,lSECHwz9sCc,1,10 months ago,False,,
🙀😆🤣😂,youtube,lSECHwz9sCc,0,3 months ago,False,,
😂😂😂😂😂😂🤬🤬🤬🤬🤬🤬,youtube,lSECHwz9sCc,1,1 year ago,False,,
🤐,youtube,lSECHwz9sCc,1,1 year ago,False,,
"Hii
Unga channel la advertisement pannanum replay",youtube,lSECHwz9sCc,1,1 year ago,False,,
now days be like 🌈🌈,youtube,lSECHwz9sCc,1,10 months ago,False,,
Anti spiral,youtube,lSECHwz9sCc,1,1 year ago,False,,
Even though they are behaving like that... It's not ok to show there face and portrait them with indecent words... They are childrens... As a society we are also the reason for their indiscipline behaviour... We should start it from our home... By teach our childrens....,youtube,lSECHwz9sCc,0,1 month ago,False,,
😢mm,youtube,lSECHwz9sCc,0,8 months ago,True,,
100% correct 👍🏻,youtube,lSECHwz9sCc,0,1 year ago,True,,
Insta id : pktrending8,youtube,lSECHwz9sCc,1,1 year ago,True,,
Unga parents enna athan pannuvanga evangala pagama,youtube,lSECHwz9sCc,1,1 year ago,False,,
😢😢😢😢,youtube,lSECHwz9sCc,1,1 year ago,False,,
Olukam ilatha tamilagam,youtube,lSECHwz9sCc,1,5 months ago,False,,
90's single ponungaloda sabam summa vida dhu da kutty kunjans..... Idhunga panuradhuku kadupa irundhalum school pasanga kita abasamana comments thavirthitu complaint raise pannalam,youtube,lSECHwz9sCc,2,1 year ago,False,,
Appadi neegallam sonna sari kalyanam agi pondati kuda sanda poodama ethana peru irukkinga this the age of attraction ellarukkum varum but I know this is too much Naa ethavathu thappa pesi iruntha Brothers and sisters sorry,youtube,lSECHwz9sCc,1,10 months ago,False,,
Romba romba worst 🤦🤦🤦,youtube,lSECHwz9sCc,1,10 months ago,False,,
Ne okurada nan partene,youtube,lSECHwz9sCc,1,11 months ago,False,,
Ne madu ealla paei,youtube,lSECHwz9sCc,0,3 months ago,False,,
100 naal velai kevalamana velaiya😮,youtube,lSECHwz9sCc,2,1 year ago,False,,
"ஒன்னுமில்லாமே, எதுவும் செய்யாமே இருக்கிறது க்கு 🤧 இதுக பன்றது எவ்வளவோ தேவைல",youtube,lSECHwz9sCc,5,1 year ago,False,,
வருங்கால சித்தாள் கொத்தனார்,youtube,lSECHwz9sCc,1,11 months ago,False,,
Pongaya yo 😢  ennada idhu,youtube,lSECHwz9sCc,1,8 months ago,False,,
Y you target only govt school students... Private school students also did the same...,youtube,lSECHwz9sCc,1,9 months ago,False,,
Congratulations Government School Students And Teachers 🎉😂,youtube,lSECHwz9sCc,1,1 year ago,False,,
😂😂😂🙏,youtube,lSECHwz9sCc,1,1 year ago,False,,
8:08 யூடியூப் மூலமாக அவன் மீது போக்ஸோ குற்றச்சாட்டு சாடலாமா?,youtube,lSECHwz9sCc,2,1 year ago,False,,
எதே BSC CARDIOLOGISTaa 😂😂😂😂,youtube,lSECHwz9sCc,1,5 months ago,False,,
7. 56 channel name what,youtube,lSECHwz9sCc,1,11 months ago,False,,
Saniyan ga school uniform potu reels panudhunga,youtube,lSECHwz9sCc,0,4 months ago,False,,
 @rohinisampath   90s kids ah 🤩 aiyo very happy to meet you 🤩 epdinga epdinga epdi inum 90s single ah irukeenga 🤩 endha oorunga neenga rohini 🍀,youtube,lSECHwz9sCc,0,1 year ago,True,,
"Sometimes appadi thonuthu.. 😭Ana ithuka ella velaiyum pakkum thirudum, uru suthi nalla match pannuthu..",youtube,lSECHwz9sCc,0,1 year ago,True,,
🤣🤣😂,youtube,lSECHwz9sCc,0,1 year ago,True,,
100days velai kedaikum seri ana salary kekaathu 😂😂😂,youtube,lSECHwz9sCc,0,1 year ago,True,,
Id please,youtube,lSECHwz9sCc,1,11 months ago,True,,
Pavam bro,youtube,lSECHwz9sCc,0,1 year ago,True,,
